"600000 - 浦发银行 - PFYX",
"600004 - 白云机场 - BYJC",
"600005 - 武钢股份 - WGGF",
"600006 - 东风汽车 - DFQC",
"600007 - 中国国贸 - ZGGM",
"600008 - 首创股份 - SCGF",
"600009 - 上海机场 - SHJC",
"600010 - 包钢股份 - BGGF",
"600011 - 华能国际 - HNGJ",
"600012 - 皖通高速 - WTGS",
"600015 - 华夏银行 - HXYX",
"600016 - 民生银行 - MSYX",
"600017 - 日照港 - RZG",
"600018 - 上港集团 - SGJT",
"600019 - 宝钢股份 - BGGF",
"600020 - 中原高速 - ZYGS",
"600021 - 上海电力 - SHDL",
"600022 - 山东钢铁 - SDGT",
"600023 - 浙能电力 - ZNDL",
"600025 - 华能水电 - HNSD",
"600026 - 中远海能 - ZYHN",
"600027 - 华电国际 - HDGJ",
"600028 - 中国石化 - ZGSH",
"600029 - 南方航空 - NFHK",
"600030 - 中信证券 - ZXZQ",
"600031 - 三一重工 - SYZG",
"600033 - 福建高速 - FJGS",
"600035 - 楚天高速 - CTGS",
"600036 - 招商银行 - ZSYX",
"600037 - 歌华有线 - GHYX",
"600038 - 中直股份 - ZZGF",
"600039 - 四川路桥 - SCLQ",
"600048 - 保利地产 - BLDC",
"600050 - 中国联通 - ZGLT",
"600051 - 宁波联合 - NBLH",
"600052 - 浙江广厦 - ZJGX",
"600053 - 中江地产 - ZJDC",
"600054 - 黄山旅游 - HSLY",
"600055 - 华润万东 - HRWD",
"600056 - 中国医药 - ZGYY",
"600057 - 象屿股份 - XYGF",
"600058 - 五矿发展 - WKFZ",
"600059 - 古越龙山 - GYLS",
"600060 - 海信电器 - HXDQ",
"600061 - 中纺投资 - ZFTZ",
"600062 - 华润双鹤 - HRSH",
"600063 - 皖维高新 - WWGX",
"600064 - 南京高科 - NJGK",
"600066 - 宇通客车 - YTKC",
"600067 - 冠城大通 - GCDT",
"600068 - 葛洲坝 - GZB",
"600069 - *ST银 - *STYG",
"600070 - 浙江富润 - ZJFR",
"600071 - 凤凰光学 - FHGX",
"600072 - *ST钢 - *STGG",
"600073 - 上海梅林 - SHML",
"600074 - 中达股份 - ZDGF",
"600075 - 新疆天业 - XJTY",
"600076 - 青鸟华光 - QNHG",
"600077 - 宋都股份 - SDGF",
"600078 - 澄星股份 - CXGF",
"600079 - 人福医药 - RFYY",
"600080 - 金花股份 - JHGF",
"600081 - 东风科技 - DFKJ",
"600082 - 海泰发展 - HTFZ",
"600083 - 博信股份 - BXGF",
"600084 - 中葡股份 - ZPGF",
"600085 - 同仁堂 - TRT",
"600086 - 东方金钰 - DFJY",
"600088 - 中视传媒 - ZSCM",
"600089 - 特变电工 - TBDG",
"600090 - 啤酒花 - PJH",
"600091 - ST明科 - STMK",
"600093 - 禾嘉股份 - HJGF",
"600094 - 大名城 - DMC",
"600095 - 哈高科 - HGK",
"600096 - 云天化 - YTH",
"600097 - 开创国际 - KCGJ",
"600098 - 广州发展 - GZFZ",
"600099 - 林海股份 - LHGF",
"600100 - 同方股份 - TFGF",
"600101 - 明星电力 - MXDL",
"600103 - 青山纸业 - QSZY",
"600104 - 上汽集团 - SQJT",
"600105 - 永鼎股份 - YDGF",
"600106 - 重庆路桥 - ZQLQ",
"600107 - 美尔雅 - MEY",
"600108 - 亚盛集团 - YSJT",
"600109 - 国金证券 - GJZQ",
"600110 - 中科英华 - ZKYH",
"600111 - 北方稀土 - BFXT",
"600112 - 天成控股 - TCKG",
"600113 - 浙江东日 - ZJDR",
"600114 - 东睦股份 - DMGF",
"600115 - 东方航空 - DFHK",
"600116 - 三峡水利 - SXSL",
"600117 - 西宁特钢 - XNTG",
"600118 - 中国卫星 - ZGWX",
"600119 - 长江投资 - CJTZ",
"600120 - 浙江东方 - ZJDF",
"600121 - 郑州煤电 - ZZMD",
"600122 - 宏图高科 - HTGK",
"600123 - 兰花科创 - LHKC",
"600125 - 铁龙物流 - TLWL",
"600126 - 杭钢股份 - HGGF",
"600127 - 金健米业 - JJMY",
"600128 - 弘业股份 - HYGF",
"600129 - 太极集团 - TJJT",
"600130 - 波导股份 - BDGF",
"600131 - 岷江水电 - MJSD",
"600132 - 重庆啤酒 - ZQPJ",
"600133 - 东湖高新 - DHGX",
"600135 - 乐凯胶片 - LKJP",
"600136 - 道博股份 - DBGF",
"600137 - 浪莎股份 - LSGF",
"600138 - 中青旅 - ZQL",
"600139 - 西部资源 - XBZY",
"600141 - 兴发集团 - XFJT",
"600143 - 金发科技 - JFKJ",
"600145 - *ST国 - *STGC",
"600146 - 大元股份 - DYGF",
"600148 - 长春一东 - CCYD",
"600149 - 廊坊发展 - LFFZ",
"600150 - 中国船舶 - ZGCB",
"600151 - 航天机电 - HTJD",
"600152 - 维科精华 - WKJH",
"600153 - 建发股份 - JFGF",
"600155 - 宝硕股份 - BSGF",
"600156 - 华升股份 - HSGF",
"600157 - 永泰能源 - YTNY",
"600158 - 中体产业 - ZTCY",
"600159 - 大龙地产 - DLDC",
"600160 - 巨化股份 - JHGF",
"600161 - 天坛生物 - TTSW",
"600162 - 香江控股 - XJKG",
"600163 - *ST南 - *STNZ",
"600165 - 新日恒力 - XRHL",
"600166 - 福田汽车 - FTQC",
"600167 - 联美控股 - LMKG",
"600168 - 武汉控股 - WHKG",
"600169 - 太原重工 - TYZG",
"600170 - 上海建工 - SHJG",
"600171 - 上海贝岭 - SHBL",
"600172 - 黄河旋风 - HHXF",
"600173 - 卧龙地产 - WLDC",
"600175 - 美都能源 - MDNY",
"600176 - 中国巨石 - ZGJS",
"600177 - 雅戈尔 - YGE",
"600178 - *ST东 - *STDA",
"600179 - 黑化股份 - HHGF",
"600180 - 瑞茂通 - RMT",
"600182 - S佳通 - SJT",
"600183 - 生益科技 - SYKJ",
"600184 - 光电股份 - GDGF",
"600185 - 格力地产 - GLDC",
"600186 - 莲花味精 - LHWJ",
"600187 - 国中水务 - GZSW",
"600188 - 兖州煤业 - YZMY",
"600189 - 吉林森工 - JLSG",
"600190 - 锦州港 - JZG",
"600191 - 华资实业 - HZSY",
"600192 - 长城电工 - CCDG",
"600193 - 创兴资源 - CXZY",
"600195 - 中牧股份 - ZMGF",
"600196 - 复星医药 - FXYY",
"600197 - 伊力特 - YLT",
"600198 - 大唐电信 - DTDX",
"600199 - 金种子酒 - JZZJ",
"600200 - 江苏吴中 - JSWZ",
"600201 - 金宇集团 - JYJT",
"600202 - 哈空调 - HKD",
"600203 - 福日电子 - FRDZ",
"600206 - 有研新材 - YYXC",
"600207 - 安彩高科 - ACGK",
"600208 - 新湖中宝 - XHZB",
"600209 - 罗顿发展 - LDFZ",
"600210 - 紫江企业 - ZJQY",
"600211 - 西藏药业 - XCYY",
"600212 - 江泉实业 - JQSY",
"600213 - 亚星客车 - YXKC",
"600215 - 长春经开 - CCJK",
"600216 - 浙江医药 - ZJYY",
"600217 - *ST秦 - *STQL",
"600218 - 全柴动力 - QCDL",
"600219 - 南山铝业 - NSLY",
"600220 - 江苏阳光 - JSYG",
"600221 - 海南航空 - HNHK",
"600222 - 太龙药业 - TLYY",
"600223 - 鲁商置业 - LSZY",
"600225 - 天津松江 - TJSJ",
"600226 - 升华拜克 - SHBK",
"600227 - 赤天化 - CTH",
"600228 - 昌九生化 - CJSH",
"600229 - 青岛碱业 - QDJY",
"600230 - 沧州大化 - CZDH",
"600231 - 凌钢股份 - LGGF",
"600232 - 金鹰股份 - JYGF",
"600233 - 大杨创世 - DYCS",
"600234 - 山水文化 - SSWH",
"600235 - 民丰特纸 - MFTZ",
"600236 - 桂冠电力 - GGDL",
"600237 - 铜峰电子 - TFDZ",
"600238 - 海南椰岛 - HNYD",
"600239 - 云南城投 - YNCT",
"600240 - 华业地产 - HYDC",
"600241 - 时代万恒 - SDWH",
"600242 - 中昌海运 - ZCHY",
"600243 - 青海华鼎 - QHHD",
"600246 - 万通地产 - WTDC",
"600247 - *ST成 - *STCC",
"600248 - 延长化建 - YCHJ",
"600249 - 两面针 - LMZ",
"600250 - 南纺股份 - NFGF",
"600251 - 冠农股份 - GNGF",
"600252 - 中恒集团 - ZHJT",
"600255 - 鑫科材料 - XKCL",
"600256 - 广汇能源 - GHNY",
"600257 - 大湖股份 - DHGF",
"600258 - 首旅酒店 - SLJD",
"600259 - 广晟有色 - GSYS",
"600260 - 凯乐科技 - KLKJ",
"600261 - 阳光照明 - YGZM",
"600262 - 北方股份 - BFGF",
"600265 - ST景谷 - STJG",
"600266 - 北京城建 - BJCJ",
"600267 - 海正药业 - HZYY",
"600268 - 国电南自 - GDNZ",
"600269 - 赣粤高速 - GYGS",
"600270 - 外运发展 - WYFZ",
"600271 - 航天信息 - HTXX",
"600272 - 开开实业 - KKSY",
"600273 - 嘉化能源 - JHNY",
"600275 - 武昌鱼 - WCY",
"600276 - 恒瑞医药 - HRYY",
"600277 - 亿利能源 - YLNY",
"600278 - 东方创业 - DFCY",
"600279 - 重庆港九 - ZQGJ",
"600280 - 中央商场 - ZYSC",
"600281 - 太化股份 - THGF",
"600282 - 南钢股份 - NGGF",
"600283 - 钱江水利 - QJSL",
"600284 - 浦东建设 - PDJS",
"600285 - 羚锐制药 - LRZY",
"600287 - 江苏舜天 - JSST",
"600288 - 大恒科技 - DHKJ",
"600289 - 亿阳信通 - YYXT",
"600290 - 华仪电气 - HYDQ",
"600291 - 西水股份 - XSGF",
"600292 - 中电远达 - ZDYD",
"600293 - 三峡新材 - SXXC",
"600295 - 鄂尔多斯 - EEDS",
"600297 - 美罗药业 - MLYY",
"600298 - 安琪酵母 - AQJM",
"600299 - 蓝星新材 - LXXC",
"600300 - 维维股份 - WWGF",
"600301 - ST南化 - STNH",
"600302 - 标准股份 - BZGF",
"600303 - 曙光股份 - SGGF",
"600305 - 恒顺醋业 - HSCY",
"600306 - 商业城 - SYC",
"600307 - 酒钢宏兴 - JGHX",
"600308 - 华泰股份 - HTGF",
"600309 - 万华化学 - WHHX",
"600310 - 桂东电力 - GDDL",
"600311 - 荣华实业 - RHSY",
"600312 - 平高电气 - PGDQ",
"600313 - 农发种业 - NFZY",
"600315 - 上海家化 - SHJH",
"600316 - 洪都航空 - HDHK",
"600317 - 营口港 - YKG",
"600318 - 巢东股份 - CDGF",
"600319 - 亚星化学 - YXHX",
"600320 - 振华重工 - ZHZG",
"600321 - 国栋建设 - GDJS",
"600322 - 天房发展 - TFFZ",
"600323 - 瀚蓝环境 - HLHJ",
"600325 - 华发股份 - HFGF",
"600326 - 西藏天路 - XCTL",
"600327 - 大东方 - DDF",
"600328 - 兰太实业 - LTSY",
"600329 - 中新药业 - ZXYY",
"600330 - 天通股份 - TTGF",
"600331 - 宏达股份 - HDGF",
"600332 - 白云山 - BYS",
"600333 - 长春燃气 - CCRQ",
"600335 - 国机汽车 - GJQC",
"600336 - 澳柯玛 - AKM",
"600337 - 美克家居 - MKJJ",
"600338 - 西藏珠峰 - XCZF",
"600339 - 天利高新 - TLGX",
"600340 - 华夏幸福 - HXXF",
"600343 - 航天动力 - HTDL",
"600345 - 长江通信 - CJTX",
"600346 - 大橡塑 - DXS",
"600348 - 阳泉煤业 - YQMY",
"600350 - 山东高速 - SDGS",
"600351 - 亚宝药业 - YBYY",
"600352 - 浙江龙盛 - ZJLS",
"600353 - 旭光股份 - XGGF",
"600354 - 敦煌种业 - DHZY",
"600355 - 精伦电子 - JLDZ",
"600356 - 恒丰纸业 - HFZY",
"600358 - 国旅联合 - GLLH",
"600359 - 新农开发 - XNKF",
"600360 - 华微电子 - HWDZ",
"600361 - 华联综超 - HLZC",
"600362 - 江西铜业 - JXTY",
"600363 - 联创光电 - LCGD",
"600365 - 通葡股份 - TPGF",
"600366 - 宁波韵升 - NBYS",
"600367 - 红星发展 - HXFZ",
"600368 - 五洲交通 - WZJT",
"600369 - 西南证券 - XNZQ",
"600370 - 三房巷 - SFX",
"600371 - 万向德农 - WXDN",
"600372 - 中航电子 - ZHDZ",
"600373 - 中文传媒 - ZWCM",
"600375 - 华菱星马 - HLXM",
"600376 - 首开股份 - SKGF",
"600377 - 宁沪高速 - NHGS",
"600378 - 天科股份 - TKGF",
"600379 - 宝光股份 - BGGF",
"600380 - 健康元 - JKY",
"600381 - 贤成矿业 - XCKY",
"600382 - 广东明珠 - GDMZ",
"600383 - 金地集团 - JDJT",
"600385 - ST金泰 - STJT",
"600386 - 北巴传媒 - BBCM",
"600387 - 海越股份 - HYGF",
"600388 - 龙净环保 - LJHB",
"600389 - 江山股份 - JSGF",
"600390 - 金瑞科技 - JRKJ",
"600391 - 成发科技 - CFKJ",
"600392 - 盛和资源 - SHZY",
"600393 - 东华实业 - DHSY",
"600395 - 盘江股份 - PJGF",
"600396 - 金山股份 - JSGF",
"600397 - 安源煤业 - AYMY",
"600398 - 海澜之家 - HLZJ",
"600399 - 抚顺特钢 - FSTG",
"600400 - 红豆股份 - HDGF",
"600401 - 海润光伏 - HRGF",
"600403 - 大有能源 - DYNY",
"600405 - 动力源 - DLY",
"600406 - 国电南瑞 - GDNR",
"600408 - 安泰集团 - ATJT",
"600409 - 三友化工 - SYHG",
"600410 - 华胜天成 - HSTC",
"600415 - 小商品城 - XSPC",
"600416 - 湘电股份 - XDGF",
"600418 - 江淮汽车 - JHQC",
"600419 - 天润乳业 - TRRY",
"600420 - 现代制药 - XDZY",
"600421 - 仰帆控股 - YFKG",
"600422 - 昆药集团 - KYJT",
"600423 - 柳化股份 - LHGF",
"600425 - 青松建化 - QSJH",
"600426 - 华鲁恒升 - HLHS",
"600428 - 中远航运 - ZYHY",
"600429 - 三元股份 - SYGF",
"600432 - 吉恩镍业 - JENY",
"600433 - 冠豪高新 - GHGX",
"600435 - 北方导航 - BFDH",
"600436 - 片仔癀 - PZH",
"600438 - 通威股份 - TWGF",
"600439 - 瑞贝卡 - RBK",
"600444 - 国通管业 - GTGY",
"600446 - 金证股份 - JZGF",
"600448 - 华纺股份 - HFGF",
"600449 - 宁夏建材 - NXJC",
"600452 - 涪陵电力 - FLDL",
"600455 - 博通股份 - BTGF",
"600456 - 宝钛股份 - BTGF",
"600458 - 时代新材 - SDXC",
"600459 - 贵研铂业 - GYBY",
"600460 - 士兰微 - SLW",
"600461 - 洪城水业 - HCSY",
"600462 - 石岘纸业 - SXZY",
"600463 - 空港股份 - KGGF",
"600466 - 蓝光发展 - LGFZ",
"600467 - 好当家 - HDJ",
"600468 - 百利电气 - BLDQ",
"600469 - 风神股份 - FSGF",
"600470 - 六国化工 - LGHG",
"600475 - 华光股份 - HGGF",
"600476 - 湘邮科技 - XYKJ",
"600477 - 杭萧钢构 - HXGG",
"600478 - 科力远 - KLY",
"600479 - 千金药业 - QJYY",
"600480 - 凌云股份 - LYGF",
"600481 - 双良节能 - SLJN",
"600482 - 风帆股份 - FFGF",
"600483 - 福能股份 - FNGF",
"600485 - 信威集团 - XWJT",
"600486 - 扬农化工 - YNHG",
"600487 - 亨通光电 - HTGD",
"600488 - 天药股份 - TYGF",
"600489 - 中金黄金 - ZJHJ",
"600490 - 鹏欣资源 - PXZY",
"600491 - 龙元建设 - LYJS",
"600493 - 凤竹纺织 - FZFZ",
"600495 - 晋西车轴 - JXCZ",
"600496 - 精工钢构 - JGGG",
"600497 - 驰宏锌锗 - CHXZ",
"600498 - 烽火通信 - FHTX",
"600499 - 科达洁能 - KDJN",
"600500 - 中化国际 - ZHGJ",
"600501 - 航天晨光 - HTCG",
"600502 - 安徽水利 - AHSL",
"600503 - 华丽家族 - HLJZ",
"600505 - 西昌电力 - XCDL",
"600506 - 香梨股份 - XLGF",
"600507 - 方大特钢 - FDTG",
"600508 - 上海能源 - SHNY",
"600509 - 天富能源 - TFNY",
"600510 - 黑牡丹 - HMD",
"600511 - 国药股份 - GYGF",
"600512 - 腾达建设 - TDJS",
"600513 - 联环药业 - LHYY",
"600515 - 海岛建设 - HDJS",
"600516 - 方大炭素 - FDTS",
"600517 - 置信电气 - ZXDQ",
"600518 - 康美药业 - KMYY",
"600519 - 贵州茅台 - GZMT",
"600520 - 中发科技 - ZFKJ",
"600521 - 华海药业 - HHYY",
"600522 - 中天科技 - ZTKJ",
"600523 - 贵航股份 - GHGF",
"600525 - 长园集团 - CYJT",
"600526 - 菲达环保 - FDHB",
"600527 - 江南高纤 - JNGX",
"600528 - 中铁二局 - ZTEJ",
"600529 - 山东药玻 - SDYB",
"600530 - 交大昂立 - JDAL",
"600531 - 豫光金铅 - YGJQ",
"600532 - 宏达矿业 - HDKY",
"600533 - 栖霞建设 - QXJS",
"600535 - 天士力 - TSL",
"600536 - 中国软件 - ZGRJ",
"600537 - 亿晶光电 - YJGD",
"600538 - 国发股份 - GFGF",
"600539 - 狮头股份 - STGF",
"600540 - 新赛股份 - XSGF",
"600543 - 莫高股份 - MGGF",
"600545 - 新疆城建 - XJCJ",
"600546 - 山煤国际 - SMGJ",
"600547 - 山东黄金 - SDHJ",
"600548 - 深高速 - SGS",
"600549 - 厦门钨业 - XMWY",
"600550 - 保变电气 - BBDQ",
"600551 - 时代出版 - SDCB",
"600552 - 方兴科技 - FXKJ",
"600555 - 九龙山 - JLS",
"600556 - 慧球科技 - HQKJ",
"600557 - 康缘药业 - KYYY",
"600558 - 大西洋 - DXY",
"600559 - 老白干酒 - LBGJ",
"600560 - 金自天正 - JZTZ",
"600561 - 江西长运 - JXCY",
"600562 - 国睿科技 - GRKJ",
"600563 - 法拉电子 - FLDZ",
"600565 - 迪马股份 - DMGF",
"600566 - 济川药业 - JCYY",
"600567 - 山鹰纸业 - SYZY",
"600568 - 中珠控股 - ZZKG",
"600569 - 安阳钢铁 - AYGT",
"600570 - 恒生电子 - HSDZ",
"600571 - 信雅达 - XYD",
"600572 - 康恩贝 - KEB",
"600573 - 惠泉啤酒 - HQPJ",
"600575 - 皖江物流 - WJWL",
"600576 - 万好万家 - WHWJ",
"600577 - 精达股份 - JDGF",
"600578 - 京能电力 - JNDL",
"600579 - 天华院 - THY",
"600580 - 卧龙电气 - WLDQ",
"600581 - 八一钢铁 - BYGT",
"600582 - 天地科技 - TDKJ",
"600583 - 海油工程 - HYGC",
"600584 - 长电科技 - CDKJ",
"600585 - 海螺水泥 - HLSN",
"600586 - 金晶科技 - JJKJ",
"600587 - 新华医疗 - XHYL",
"600588 - 用友网络 - YYWL",
"600589 - 广东榕泰 - GDRT",
"600590 - 泰豪科技 - THKJ",
"600592 - 龙溪股份 - LXGF",
"600593 - 大连圣亚 - DLSY",
"600594 - 益佰制药 - YBZY",
"600595 - 中孚实业 - ZFSY",
"600596 - 新安股份 - XAGF",
"600597 - 光明乳业 - GMRY",
"600598 - 北大荒 - BDH",
"600599 - 熊猫烟花 - XMYH",
"600600 - 青岛啤酒 - QDPJ",
"600601 - 方正科技 - FZKJ",
"600602 - 仪电电子 - YDDZ",
"600603 - 大洲兴业 - DZXY",
"600604 - 市北高新 - SBGX",
"600605 - 汇通能源 - HTNY",
"600606 - 金丰投资 - JFTZ",
"600608 - 上海科技 - SHKJ",
"600609 - 金杯汽车 - JBQC",
"600610 - *ST中 - *STZY",
"600611 - 大众交通 - DZJT",
"600612 - 老凤祥 - LFX",
"600613 - 神奇制药 - SQZY",
"600614 - 鼎立股份 - DLGF",
"600615 - 丰华股份 - FHGF",
"600616 - 金枫酒业 - JFJY",
"600617 - 国新能源 - GXNY",
"600618 - 氯碱化工 - LJHG",
"600619 - 海立股份 - HLGF",
"600620 - 天宸股份 - TCGF",
"600621 - 华鑫股份 - HXGF",
"600622 - 嘉宝集团 - JBJT",
"600623 - 双钱股份 - SQGF",
"600624 - 复旦复华 - FDFH",
"600626 - 申达股份 - SDGF",
"600628 - 新世界 - XSJ",
"600629 - 棱光实业 - LGSY",
"600630 - 龙头股份 - LTGF",
"600633 - 浙报传媒 - ZBCM",
"600634 - 中技控股 - ZJKG",
"600635 - 大众公用 - DZGY",
"600636 - 三爱富 - SAF",
"600637 - 百视通 - BST",
"600638 - 新黄浦 - XHP",
"600639 - 浦东金桥 - PDJQ",
"600640 - 号百控股 - HBKG",
"600641 - 万业企业 - WYQY",
"600642 - 申能股份 - SNGF",
"600643 - 爱建股份 - AJGF",
"600644 - *ST乐 - *STLD",
"600645 - 中源协和 - ZYXH",
"600647 - 同达创业 - TDCY",
"600648 - 外高桥 - WGQ",
"600649 - 城投控股 - CTKG",
"600650 - 锦江投资 - JJTZ",
"600651 - 飞乐音响 - FLYX",
"600652 - 游久游戏 - YJYX",
"600653 - 申华控股 - SHKG",
"600654 - 中安消 - ZAX",
"600655 - 豫园商城 - YYSC",
"600656 - *ST博 - *STBY",
"600657 - 信达地产 - XDDC",
"600658 - 电子城 - DZC",
"600660 - 福耀玻璃 - FYBL",
"600661 - 新南洋 - XNY",
"600662 - 强生控股 - QSKG",
"600663 - 陆家嘴 - LJZ",
"600664 - 哈药股份 - HYGF",
"600665 - 天地源 - TDY",
"600666 - 西南药业 - XNYY",
"600667 - 太极实业 - TJSY",
"600668 - 尖峰集团 - JFJT",
"600671 - 天目药业 - TMYY",
"600673 - 东阳光科 - DYGK",
"600674 - 川投能源 - CTNY",
"600675 - 中华企业 - ZHQY",
"600676 - 交运股份 - JYGF",
"600677 - 航天通信 - HTTX",
"600678 - 四川金顶 - SCJD",
"600679 - 金山开发 - JSKF",
"600680 - 上海普天 - SHPT",
"600681 - 万鸿集团 - WHJT",
"600682 - 南京新百 - NJXB",
"600683 - 京投银泰 - JTYT",
"600684 - 珠江实业 - ZJSY",
"600685 - 广船国际 - GCGJ",
"600686 - 金龙汽车 - JLQC",
"600687 - 刚泰控股 - GTKG",
"600688 - 上海石化 - SHSH",
"600689 - 上海三毛 - SHSM",
"600690 - 青岛海尔 - QDHE",
"600691 - *ST阳 - *STYH",
"600692 - 亚通股份 - YTGF",
"600693 - 东百集团 - DBJT",
"600694 - 大商股份 - DSGF",
"600695 - 绿庭投资 - LTTZ",
"600696 - 多伦股份 - DLGF",
"600697 - 欧亚集团 - OYJT",
"600698 - 湖南天雁 - HNTY",
"600699 - 均胜电子 - JSDZ",
"600701 - 工大高新 - GDGX",
"600702 - 沱牌舍得 - TPSD",
"600703 - 三安光电 - SAGD",
"600704 - 物产中大 - WCZD",
"600705 - 中航资本 - ZHZB",
"600706 - 曲江文旅 - QJWL",
"600707 - 彩虹股份 - CHGF",
"600708 - 海博股份 - HBGF",
"600710 - 常林股份 - CLGF",
"600711 - 盛屯矿业 - STKY",
"600712 - 南宁百货 - NNBH",
"600713 - 南京医药 - NJYY",
"600714 - 金瑞矿业 - JRKY",
"600715 - *ST松 - *STSL",
"600716 - 凤凰股份 - FHGF",
"600717 - 天津港 - TJG",
"600718 - 东软集团 - DRJT",
"600719 - 大连热电 - DLRD",
"600720 - 祁连山 - QLS",
"600721 - 百花村 - BHC",
"600722 - 金牛化工 - JNHG",
"600723 - 首商股份 - SSGF",
"600724 - 宁波富达 - NBFD",
"600725 - 云维股份 - YWGF",
"600726 - 华电能源 - HDNY",
"600727 - 鲁北化工 - LBHG",
"600728 - 佳都科技 - JDKJ",
"600729 - 重庆百货 - ZQBH",
"600730 - 中国高科 - ZGGK",
"600731 - 湖南海利 - HNHL",
"600732 - 上海新梅 - SHXM",
"600733 - S前锋 - SQF",
"600734 - 实达集团 - SDJT",
"600735 - 新华锦 - XHJ",
"600736 - 苏州高新 - SZGX",
"600737 - 中粮屯河 - ZLTH",
"600738 - 兰州民百 - LZMB",
"600739 - 辽宁成大 - LNCD",
"600740 - 山西焦化 - SXJH",
"600741 - 华域汽车 - HYQC",
"600742 - 一汽富维 - YQFW",
"600743 - 华远地产 - HYDC",
"600744 - 华银电力 - HYDL",
"600745 - 中茵股份 - ZYGF",
"600746 - 江苏索普 - JSSP",
"600747 - 大连控股 - DLKG",
"600748 - 上实发展 - SSFZ",
"600749 - 西藏旅游 - XCLY",
"600750 - 江中药业 - JZYY",
"600751 - 天津海运 - TJHY",
"600753 - 东方银星 - DFYX",
"600754 - 锦江股份 - JJGF",
"600755 - 厦门国贸 - XMGM",
"600756 - 浪潮软件 - LCRJ",
"600757 - 长江传媒 - CJCM",
"600758 - 红阳能源 - HYNY",
"600759 - 洲际油气 - ZJYQ",
"600760 - 中航黑豹 - ZHHB",
"600761 - 安徽合力 - AHHL",
"600763 - 通策医疗 - TCYL",
"600764 - 中电广通 - ZDGT",
"600765 - 中航重机 - ZHZJ",
"600766 - 园城黄金 - YCHJ",
"600767 - 运盛实业 - YSSY",
"600768 - 宁波富邦 - NBFB",
"600769 - 祥龙电业 - XLDY",
"600770 - 综艺股份 - ZYGF",
"600771 - 广誉远 - GYY",
"600773 - 西藏城投 - XCCT",
"600774 - 汉商集团 - HSJT",
"600775 - 南京熊猫 - NJXM",
"600776 - 东方通信 - DFTX",
"600777 - 新潮实业 - XCSY",
"600778 - 友好集团 - YHJT",
"600779 - 水井坊 - SJF",
"600780 - 通宝能源 - TBNY",
"600781 - 辅仁药业 - FRYY",
"600782 - 新钢股份 - XGGF",
"600783 - 鲁信创投 - LXCT",
"600784 - 鲁银投资 - LYTZ",
"600785 - 新华百货 - XHBH",
"600787 - 中储股份 - ZCGF",
"600789 - 鲁抗医药 - LKYY",
"600790 - 轻纺城 - QFC",
"600791 - 京能置业 - JNZY",
"600792 - 云煤能源 - YMNY",
"600793 - ST宜纸 - STYZ",
"600794 - 保税科技 - BSKJ",
"600795 - 国电电力 - GDDL",
"600796 - 钱江生化 - QJSH",
"600797 - 浙大网新 - ZDWX",
"600798 - 宁波海运 - NBHY",
"600800 - 天津磁卡 - TJCK",
"600801 - 华新水泥 - HXSN",
"600802 - 福建水泥 - FJSN",
"600803 - 新奥股份 - XAGF",
"600804 - 鹏博士 - PBS",
"600805 - 悦达投资 - YDTZ",
"600806 - 昆明机床 - KMJC",
"600807 - 天业股份 - TYGF",
"600808 - 马钢股份 - MGGF",
"600809 - 山西汾酒 - SXFJ",
"600810 - 神马股份 - SMGF",
"600811 - 东方集团 - DFJT",
"600812 - 华北制药 - HBZY",
"600814 - 杭州解百 - HZJB",
"600815 - 厦工股份 - XGGF",
"600816 - 安信信托 - AXXT",
"600817 - ST宏盛 - STHS",
"600818 - 中路股份 - ZLGF",
"600819 - 耀皮玻璃 - YPBL",
"600820 - 隧道股份 - SDGF",
"600821 - 津劝业 - JQY",
"600822 - 上海物贸 - SHWM",
"600823 - 世茂股份 - SMGF",
"600824 - 益民集团 - YMJT",
"600825 - 新华传媒 - XHCM",
"600826 - 兰生股份 - LSGF",
"600827 - 百联股份 - BLGF",
"600828 - 成商集团 - CSJT",
"600829 - 三精制药 - SJZY",
"600830 - 香溢融通 - XYRT",
"600831 - 广电网络 - GDWL",
"600832 - 东方明珠 - DFMZ",
"600833 - 第一医药 - DYYY",
"600834 - 申通地铁 - STDT",
"600835 - 上海机电 - SHJD",
"600836 - 界龙实业 - JLSY",
"600837 - 海通证券 - HTZQ",
"600838 - 上海九百 - SHJB",
"600839 - 四川长虹 - SCCH",
"600841 - 上柴股份 - SCGF",
"600843 - 上工申贝 - SGSB",
"600844 - 丹化科技 - DHKJ",
"600845 - 宝信软件 - BXRJ",
"600846 - 同济科技 - TJKJ",
"600847 - 万里股份 - WLGF",
"600848 - 自仪股份 - ZYGF",
"600850 - 华东电脑 - HDDN",
"600851 - 海欣股份 - HXGF",
"600853 - 龙建股份 - LJGF",
"600854 - 春兰股份 - CLGF",
"600855 - 航天长峰 - HTCF",
"600856 - 长百集团 - CBJT",
"600857 - 工大首创 - GDSC",
"600858 - 银座股份 - YZGF",
"600859 - 王府井 - WFJ",
"600860 - 京城股份 - JCGF",
"600861 - 北京城乡 - BJCX",
"600862 - 南通科技 - NTKJ",
"600863 - 内蒙华电 - NMHD",
"600864 - 哈投股份 - HTGF",
"600865 - 百大集团 - BDJT",
"600866 - 星湖科技 - XHKJ",
"600867 - 通化东宝 - THDB",
"600868 - 梅雁吉祥 - MYJX",
"600869 - 智慧能源 - ZHNY",
"600870 - 厦华电子 - XHDZ",
"600871 - 石化油服 - SHYF",
"600872 - 中炬高新 - ZJGX",
"600873 - 梅花生物 - MHSW",
"600874 - 创业环保 - CYHB",
"600875 - 东方电气 - DFDQ",
"600876 - 洛阳玻璃 - LYBL",
"600877 - 中国嘉陵 - ZGJL",
"600879 - 航天电子 - HTDZ",
"600880 - 博瑞传播 - BRCB",
"600881 - 亚泰集团 - YTJT",
"600882 - 华联矿业 - HLKY",
"600883 - 博闻科技 - BWKJ",
"600884 - 杉杉股份 - SSGF",
"600885 - 宏发股份 - HFGF",
"600886 - 国投电力 - GTDL",
"600887 - 伊利股份 - YLGF",
"600888 - 新疆众和 - XJZH",
"600889 - 南京化纤 - NJHX",
"600890 - 中房股份 - ZFGF",
"600891 - 秋林集团 - QLJT",
"600892 - 宝诚股份 - BCGF",
"600893 - 中航动力 - ZHDL",
"600894 - 广日股份 - GRGF",
"600895 - 张江高科 - ZJGK",
"600896 - 中海海盛 - ZHHS",
"600897 - 厦门空港 - XMKG",
"600898 - 三联商社 - SLSS",
"600900 - 长江电力 - CJDL",
"600917 - 重庆燃气 - ZQRQ",
"600958 - 东方证券 - DFZQ",
"600960 - 渤海活塞 - BHHS",
"600961 - 株冶集团 - ZYJT",
"600962 - 国投中鲁 - GTZL",
"600963 - 岳阳林纸 - YYLZ",
"600965 - 福成五丰 - FCWF",
"600966 - 博汇纸业 - BHZY",
"600967 - 北方创业 - BFCY",
"600969 - 郴电国际 - CDGJ",
"600970 - 中材国际 - ZCGJ",
"600971 - 恒源煤电 - HYMD",
"600973 - 宝胜股份 - BSGF",
"600975 - 新五丰 - XWF",
"600976 - 健民集团 - JMJT",
"600978 - 宜华木业 - YHMY",
"600979 - 广安爱众 - GAAZ",
"600980 - 北矿磁材 - BKCC",
"600981 - 汇鸿股份 - HHGF",
"600982 - 宁波热电 - NBRD",
"600983 - 惠而浦 - HEP",
"600984 - *ST建 - *STJJ",
"600985 - 雷鸣科化 - LMKH",
"600986 - 科达股份 - KDGF",
"600987 - 航民股份 - HMGF",
"600988 - 赤峰黄金 - CFHJ",
"600990 - 四创电子 - SCDZ",
"600992 - 贵绳股份 - GSGF",
"600993 - 马应龙 - MYL",
"600995 - 文山电力 - WSDL",
"600997 - 开滦股份 - KLGF",
"600998 - 九州通 - JZT",
"600999 - 招商证券 - ZSZQ",
"601000 - 唐山港 - TSG",
"601001 - 大同煤业 - DTMY",
"601002 - 晋亿实业 - JYSY",
"601003 - 柳钢股份 - LGGF",
"601005 - 重庆钢铁 - ZQGT",
"601006 - 大秦铁路 - DQTL",
"601007 - 金陵饭店 - JLFD",
"601008 - 连云港 - LYG",
"601009 - 南京银行 - NJYX",
"601010 - 文峰股份 - WFGF",
"601011 - 宝泰隆 - BTL",
"601012 - 隆基股份 - LJGF",
"601015 - 陕西黑猫 - SXHM",
"601016 - 节能风电 - JNFD",
"601018 - 宁波港 - NBG",
"601021 - 春秋航空 - CQHK",
"601028 - 玉龙股份 - YLGF",
"601038 - 一拖股份 - YTGF",
"601058 - 赛轮金宇 - SLJY",
"601069 - 西部黄金 - XBHJ",
"601088 - 中国神华 - ZGSH",
"601098 - 中南传媒 - ZNCM",
"601099 - 太平洋 - TPY",
"601100 - 恒立油缸 - HLYG",
"601101 - 昊华能源 - HHNY",
"601106 - 中国一重 - ZGYZ",
"601107 - 四川成渝 - SCCY",
"601111 - 中国国航 - ZGGH",
"601113 - 华鼎股份 - HDGF",
"601116 - 三江购物 - SJGW",
"601117 - 中国化学 - ZGHX",
"601118 - 海南橡胶 - HNXJ",
"601126 - 四方股份 - SFGF",
"601137 - 博威合金 - BWHJ",
"601139 - 深圳燃气 - SZRQ",
"601158 - 重庆水务 - ZQSW",
"601166 - 兴业银行 - XYYX",
"601168 - 西部矿业 - XBKY",
"601169 - 北京银行 - BJYX",
"601177 - 杭齿前进 - HCQJ",
"601179 - 中国西电 - ZGXD",
"601186 - 中国铁建 - ZGTJ",
"601188 - 龙江交通 - LJJT",
"601198 - 东兴证券 - DXZQ",
"601199 - 江南水务 - JNSW",
"601208 - 东材科技 - DCKJ",
"601216 - 内蒙君正 - NMJZ",
"601218 - 吉鑫科技 - JXKJ",
"601222 - 林洋电子 - LYDZ",
"601225 - 陕西煤业 - SXMY",
"601226 - 华电重工 - HDZG",
"601231 - 环旭电子 - HXDZ",
"601233 - 桐昆股份 - TKGF",
"601238 - 广汽集团 - GQJT",
"601258 - 庞大集团 - PDJT",
"601288 - 农业银行 - NYYX",
"601299 - 中国北车 - ZGBC",
"601311 - 骆驼股份 - LTGF",
"601313 - 江南嘉捷 - JNJJ",
"601318 - 中国平安 - ZGPA",
"601328 - 交通银行 - JTYX",
"601333 - 广深铁路 - GSTL",
"601336 - 新华保险 - XHBX",
"601339 - 百隆东方 - BLDF",
"601369 - 陕鼓动力 - SGDL",
"601377 - 兴业证券 - XYZQ",
"601388 - 怡球资源 - YQZY",
"601390 - 中国中铁 - ZGZT",
"601398 - 工商银行 - GSYX",
"601515 - 东风股份 - DFGF",
"601518 - 吉林高速 - JLGS",
"601519 - 大智慧 - DZH",
"601555 - 东吴证券 - DWZQ",
"601558 - *ST锐 - *STRD",
"601566 - 九牧王 - JMW",
"601567 - 三星电气 - SXDQ",
"601579 - 会稽山 - HJS",
"601588 - 北辰实业 - BCSY",
"601599 - 鹿港科技 - LGKJ",
"601600 - 中国铝业 - ZGLY",
"601601 - 中国太保 - ZGTB",
"601607 - 上海医药 - SHYY",
"601608 - 中信重工 - ZXZG",
"601616 - 广电电气 - GDDQ",
"601618 - 中国中冶 - ZGZY",
"601628 - 中国人寿 - ZGRS",
"601633 - 长城汽车 - CCQC",
"601636 - 旗滨集团 - QBJT",
"601666 - 平煤股份 - PMGF",
"601668 - 中国建筑 - ZGJZ",
"601669 - 中国电建 - ZGDJ",
"601677 - 明泰铝业 - MTLY",
"601678 - 滨化股份 - BHGF",
"601688 - 华泰证券 - HTZQ",
"601689 - 拓普集团 - TPJT",
"601699 - 潞安环能 - LAHN",
"601700 - 风范股份 - FFGF",
"601717 - 郑煤机 - ZMJ",
"601718 - 际华集团 - JHJT",
"601727 - 上海电气 - SHDQ",
"601766 - 中国南车 - ZGNC",
"601777 - 力帆股份 - LFGF",
"601788 - 光大证券 - GDZQ",
"601789 - 宁波建工 - NBJG",
"601798 - 蓝科高新 - LKGX",
"601799 - 星宇股份 - XYGF",
"601800 - 中国交建 - ZGJJ",
"601801 - 皖新传媒 - WXCM",
"601808 - 中海油服 - ZHYF",
"601818 - 光大银行 - GDYX",
"601857 - 中国石油 - ZGSY",
"601866 - 中海集运 - ZHJY",
"601872 - 招商轮船 - ZSLC",
"601877 - 正泰电器 - ZTDQ",
"601880 - 大连港 - DLG",
"601886 - 江河创建 - JHCJ",
"601888 - 中国国旅 - ZGGL",
"601890 - 亚星锚链 - YXML",
"601898 - 中煤能源 - ZMNY",
"601899 - 紫金矿业 - ZJKY",
"601901 - 方正证券 - FZZQ",
"601908 - 京运通 - JYT",
"601918 - 国投新集 - GTXJ",
"601919 - 中国远洋 - ZGYY",
"601928 - 凤凰传媒 - FHCM",
"601929 - 吉视传媒 - JSCM",
"601933 - 永辉超市 - YHCS",
"601939 - 建设银行 - JSYX",
"601958 - 金钼股份 - JMGF",
"601965 - 中国汽研 - ZGQY",
"601969 - 海南矿业 - HNKY",
"601988 - 中国银行 - ZGYX",
"601989 - 中国重工 - ZGZG",
"601991 - 大唐发电 - DTFD",
"601992 - 金隅股份 - JYGF",
"601996 - 丰林集团 - FLJT",
"601998 - 中信银行 - ZXYX",
"601999 - 出版传媒 - CBCM",
"603000 - 人民网 - RMW",
"603001 - 奥康国际 - AKGJ",
"603002 - 宏昌电子 - HCDZ",
"603003 - 龙宇燃油 - LYRY",
"603005 - 晶方科技 - JFKJ",
"603006 - 联明股份 - LMGF",
"603008 - 喜临门 - XLM",
"603009 - 北特科技 - BTKJ",
"603010 - 万盛股份 - WSGF",
"603011 - 合锻股份 - HDGF",
"603012 - 创力集团 - CLJT",
"603015 - 弘讯科技 - HXKJ",
"603017 - 园区设计 - YQSJ",
"603018 - 设计股份 - SJGF",
"603019 - 中科曙光 - ZKSG",
"603020 - 爱普股份 - APGF",
"603030 - 全筑股份 - QZGF",
"603077 - 和邦股份 - HBGF",
"603088 - 宁波精达 - NBJD",
"603099 - 长白山 - CBS",
"603100 - 川仪股份 - CYGF",
"603111 - 康尼机电 - KNJD",
"603118 - 共进股份 - GJGF",
"603123 - 翠微股份 - CWGF",
"603126 - 中材节能 - ZCJN",
"603128 - 华贸物流 - HMWL",
"603158 - 腾龙股份 - TLGF",
"603166 - 福达股份 - FDGF",
"603167 - 渤海轮渡 - BHLD",
"603168 - 莎普爱思 - SPAS",
"603169 - 兰石重装 - LSZZ",
"603188 - 亚邦股份 - YBGF",
"603199 - 九华旅游 - JHLY",
"603222 - 济民制药 - JMZY",
"603268 - 松发股份 - SFGF",
"603288 - 海天味业 - HTWY",
"603306 - 华懋科技 - HMKJ",
"603308 - 应流股份 - YLGF",
"603309 - 维力医疗 - WLYL",
"603328 - 依顿电子 - YDDZ",
"603333 - 明星电缆 - MXDL",
"603338 - 浙江鼎力 - ZJDL",
"603366 - 日出东方 - RCDF",
"603368 - 柳州医药 - LZYY",
"603369 - 今世缘 - JSY",
"603399 - 新华龙 - XHL",
"603456 - 九洲药业 - JZYY",
"603518 - 维格娜丝 - WGNS",
"603519 - 立霸股份 - LBGF",
"603555 - 贵人鸟 - GRN",
"603558 - 健盛集团 - JSJT",
"603588 - 高能环境 - GNHJ",
"603600 - 永艺股份 - YYGF",
"603601 - 再升科技 - ZSKJ",
"603606 - 东方电缆 - DFDL",
"603609 - 禾丰牧业 - HFMY",
"603611 - 诺力股份 - NLGF",
"603618 - 杭电股份 - HDGF",
"603636 - 南威软件 - NWRJ",
"603678 - 火炬电子 - HJDZ",
"603686 - 龙马环卫 - LMHW",
"603688 - 石英股份 - SYGF",
"603698 - 航天工程 - HTGC",
"603699 - 纽威股份 - NWGF",
"603729 - 龙韵股份 - LYGF",
"603766 - 隆鑫通用 - LXTY",
"603788 - 宁波高发 - NBGF",
"603799 - 华友钴业 - HYGY",
"603806 - 福斯特 - FST",
"603828 - 柯利达 - KLD",
"603869 - 北部湾旅 - BBWL",
"603889 - 新澳股份 - XAGF",
"603898 - 好莱客 - HLK",
"603899 - 晨光文具 - CGWJ",
"603939 - 益丰药房 - YFYF",
"603969 - 银龙股份 - YLGF",
"603988 - 中电电机 - ZDDJ",
"603993 - 洛阳钼业 - LYMY",
"603997 - 继峰股份 - JFGF",
"603998 - DR方盛 - FSZ",
"939988 - 密码服务 - MMFW",
"600959 - 江苏有线 - JSYX",
"603021 - 山东华鹏 - SDHP",
"603025 - 大豪科技 - DHKJ",
"603315 - 福鞍股份 - FAGF",
"603318 - 派思股份 - PSGF",
"603567 - 珍宝岛 - ZBD",
"603703 - 盛洋科技 - SYKJ",
"603789 - 星光农机 - XGNJ",
"603808 - 歌力思 - GLS",
"603818 - 曲美股份 - QMGF",
"603883 - 老百姓 - LBX",
"000001 - 平安银行 - PAYX",
"000002 - 万  科 - WKA",
"000004 - 国农科技 - GNKJ",
"000005 - 世纪星源 - SJXY",
"000006 - 深振业Ａ - SZYA",
"000007 - 零七股份 - LQGF",
"000008 - 神州高铁 - SZGT",
"000009 - 中国宝安 - ZGBA",
"000010 - 深华新 - SHX",
"000011 - 深物业A - SWYA",
"000012 - 南  玻 - NBA",
"000014 - 沙河股份 - SHGF",
"000016 - 深康佳Ａ - SKJA",
"000017 - 深中华A - SZHA",
"000018 - 中冠A - ZGA",
"000019 - 深深宝Ａ - SSBA",
"000020 - 深华发Ａ - SHFA",
"000021 - 深科技 - SKJ",
"000022 - 深赤湾Ａ - SCWA",
"000023 - 深天地Ａ - STDA",
"000024 - 招商地产 - ZSDC",
"000025 - 特  力 - TLA",
"000026 - 飞亚达Ａ - FYDA",
"000027 - 深圳能源 - SZNY",
"000028 - 国药一致 - GYYZ",
"000029 - 深深房Ａ - SSFA",
"000030 - 富奥股份 - FAGF",
"000031 - 中粮地产 - ZLDC",
"000032 - 深桑达Ａ - SSDA",
"000033 - *ST新 - *STXD",
"000034 - 深信泰丰 - SXTF",
"000035 - 中国天楹 - ZGTY",
"000036 - 华联控股 - HLKG",
"000037 - 深南电Ａ - SNDA",
"000038 - 深大通 - SDT",
"000039 - 中集集团 - ZJJT",
"000040 - 宝安地产 - BADC",
"000042 - 中洲控股 - ZZKG",
"000043 - 中航地产 - ZHDC",
"000045 - 深纺织Ａ - SFZA",
"000046 - 泛海控股 - FHKG",
"000048 - 康达尔 - KDE",
"000049 - 德赛电池 - DSDC",
"000050 - 深天马Ａ - STMA",
"000055 - 方大集团 - FDJT",
"000056 - 深国商 - SGS",
"000058 - 深 赛 - SSG",
"000059 - *ST华 - *STHJ",
"000060 - 中金岭南 - ZJLN",
"000061 - 农 产 - NCP",
"000062 - 深圳华强 - SZHQ",
"000063 - 中兴通讯 - ZXTX",
"000065 - 北方国际 - BFGJ",
"000066 - 长城电脑 - CCDN",
"000068 - *ST华 - *STHS",
"000069 - 华侨城Ａ - HQCA",
"000070 - 特发信息 - TFXX",
"000078 - 海王生物 - HWSW",
"000088 - 盐 田 - YTG",
"000089 - 深圳机场 - SZJC",
"000090 - 天健集团 - TJJT",
"000096 - 广聚能源 - GJNY",
"000099 - 中信海直 - ZXHZ",
"000100 - TCL - TCLJT",
"000150 - 宜华健康 - YHJK",
"000151 - 中成股份 - ZCGF",
"000153 - 丰原药业 - FYYY",
"000155 - ST川化 - STCH",
"000156 - 华数传媒 - HSCM",
"000157 - 中联重科 - ZLZK",
"000158 - 常山股份 - CSGF",
"000159 - 国际实业 - GJSY",
"000166 - 申万宏源 - SWHY",
"000301 - 东方市场 - DFSC",
"000333 - 美的集团 - MDJT",
"000338 - 潍柴动力 - WCDL",
"000400 - 许继电气 - XJDQ",
"000401 - 冀东水泥 - JDSN",
"000402 - 金 融 - JRJ",
"000403 - ST生化 - STSH",
"000404 - 华意压缩 - HYYS",
"000407 - 胜利股份 - SLGF",
"000408 - 金谷源 - JGY",
"000409 - 山东地矿 - SDDK",
"000410 - 沈阳机床 - SYJC",
"000411 - 英特集团 - YTJT",
"000413 - 东旭光电 - DXGD",
"000415 - 渤海租赁 - BHZL",
"000416 - 民生控股 - MSKG",
"000417 - 合肥百货 - HFBH",
"000418 - 小天鹅Ａ - XTEA",
"000419 - 通程控股 - TCKG",
"000420 - 吉林化纤 - JLHX",
"000421 - 南京中北 - NJZB",
"000422 - 湖北宜化 - HBYH",
"000423 - 东阿阿胶 - DAAJ",
"000425 - 徐工机械 - XGJX",
"000426 - 兴业矿业 - XYKY",
"000428 - 华天酒店 - HTJD",
"000429 - 粤高速Ａ - YGSA",
"000430 - 张家界 - ZJJ",
"000488 - 晨鸣纸业 - CMZY",
"000498 - 山东路桥 - SDLQ",
"000501 - 鄂武商Ａ - EWSA",
"000502 - 绿景控股 - LJKG",
"000503 - 海虹控股 - HHKG",
"000504 - 南华生物 - NHSW",
"000505 - 珠江控股 - ZJKG",
"000506 - 中润资源 - ZRZY",
"000507 - 珠海港 - ZHG",
"000509 - 华塑控股 - HSKG",
"000510 - *ST金 - *STJL",
"000511 - 烯碳新材 - XTXC",
"000513 - 丽珠集团 - LZJT",
"000514 - 渝 开 - YKF",
"000516 - 国际医学 - GJYX",
"000517 - 荣安地产 - RADC",
"000518 - 四环生物 - SHSW",
"000519 - 江南红箭 - JNHJ",
"000521 - 美菱电器 - MLDQ",
"000523 - 广州浪奇 - GZLQ",
"000524 - 东方宾馆 - DFBG",
"000525 - 红 太 - HTY",
"000526 - 银润投资 - YRTZ",
"000528 - 柳 - LG",
"000529 - 广弘控股 - GHKG",
"000530 - 大冷股份 - DLGF",
"000531 - 穗恒运Ａ - SHYA",
"000532 - 力合股份 - LHGF",
"000533 - 万 家 - WJL",
"000534 - 万泽股份 - WZGF",
"000536 - 华映科技 - HYKJ",
"000537 - 广宇发展 - GYFZ",
"000538 - 云南白药 - YNBY",
"000539 - 粤电力Ａ - YDLA",
"000540 - 中天城投 - ZTCT",
"000541 - 佛山照明 - FSZM",
"000543 - 皖能电力 - WNDL",
"000544 - 中原环保 - ZYHB",
"000545 - 金浦钛业 - JPTY",
"000546 - 金圆股份 - JYGF",
"000547 - 闽福发Ａ - MFFA",
"000548 - 湖南投资 - HNTZ",
"000550 - 江铃汽车 - JLQC",
"000551 - 创元科技 - CYKJ",
"000552 - 靖远煤电 - JYMD",
"000553 - 沙隆达Ａ - SLDA",
"000554 - 泰山石油 - TSSY",
"000555 - 神州信息 - SZXX",
"000557 - *ST广 - *STGX",
"000558 - 莱茵置业 - LYZY",
"000559 - 万向钱潮 - WXQC",
"000560 - 昆百大Ａ - KBDA",
"000561 - 烽火电子 - FHDZ",
"000563 - 陕国投Ａ - SGTA",
"000564 - 西安民生 - XAMS",
"000565 - 渝三峡Ａ - YSXA",
"000566 - 海南海药 - HNHY",
"000567 - 海德股份 - HDGF",
"000568 - 泸州老窖 - LZLJ",
"000570 - 苏常柴Ａ - SCCA",
"000571 - 新大洲Ａ - XDZA",
"000572 - 海马汽车 - HMQC",
"000573 - 粤宏远Ａ - YHYA",
"000576 - 广东甘化 - GDGH",
"000581 - 威孚高科 - WFGK",
"000582 - 北部湾港 - BBWG",
"000584 - 友利控股 - YLKG",
"000585 - 东北电气 - DBDQ",
"000586 - 汇源通信 - HYTX",
"000587 - 金叶珠宝 - JYZB",
"000589 - 黔轮胎Ａ - QLTA",
"000590 - 紫光古汉 - ZGGH",
"000591 - 桐 君 - TJG",
"000592 - 平潭发展 - PTFZ",
"000593 - 大通燃气 - DTRQ",
"000595 - 西北轴承 - XBZC",
"000596 - 古井贡酒 - GJGJ",
"000597 - 东北制药 - DBZY",
"000598 - 兴蓉投资 - XRTZ",
"000599 - 青岛双星 - QDSX",
"000600 - 建投能源 - JTNY",
"000601 - 韶能股份 - SNGF",
"000603 - 盛达矿业 - SDKY",
"000605 - 渤海股份 - BHGF",
"000606 - 青海明胶 - QHMJ",
"000607 - 华媒控股 - HMKG",
"000608 - 阳光股份 - YGGF",
"000609 - 绵世股份 - MSGF",
"000610 - 西安旅游 - XALY",
"000611 - 内蒙发展 - NMFZ",
"000612 - 焦作万方 - JZWF",
"000613 - 大东海A - DDHA",
"000615 - 湖北金环 - HBJH",
"000616 - 海航投资 - HHTZ",
"000617 - 石油济柴 - SYJC",
"000619 - 海螺型材 - HLXC",
"000620 - 新华联 - XHL",
"000622 - 恒立实业 - HLSY",
"000623 - 吉林敖东 - JLAD",
"000625 - 长安汽车 - CAQC",
"000626 - 如意集团 - RYJT",
"000627 - 天茂集团 - TMJT",
"000628 - 高新发展 - GXFZ",
"000629 - 攀钢钒钛 - PGFT",
"000630 - 铜陵有色 - TLYS",
"000631 - 顺发恒业 - SFHY",
"000632 - 三木集团 - SMJT",
"000633 - 合金投资 - HJTZ",
"000635 - 英 力 - YLT",
"000636 - 风华高科 - FHGK",
"000637 - 茂化实华 - MHSH",
"000638 - 万方发展 - WFFZ",
"000639 - 西王食品 - XWSP",
"000650 - 仁和药业 - RHYY",
"000651 - 格力电器 - GLDQ",
"000652 - 泰达股份 - TDGF",
"000655 - 金岭矿业 - JLKY",
"000656 - 金科股份 - JKGF",
"000657 - 中钨高新 - ZWGX",
"000659 - *ST中 - *STZF",
"000661 - 长春高新 - CCGX",
"000662 - 索芙特 - SFT",
"000663 - 永安林业 - YALY",
"000665 - 湖北广电 - HBGD",
"000666 - 经纬纺机 - JWFJ",
"000667 - 美好集团 - MHJT",
"000668 - 荣丰控股 - RFKG",
"000669 - 金鸿能源 - JHNY",
"000670 - 盈方微 - YFW",
"000671 - 阳 光 - YGC",
"000672 - 上峰水泥 - SFSN",
"000673 - 当代东方 - DDDF",
"000676 - 智度投资 - ZDTZ",
"000677 - *ST海 - *STHL",
"000678 - 襄阳轴承 - XYZC",
"000679 - 大连友谊 - DLYY",
"000680 - 山推股份 - STGF",
"000681 - 视觉中国 - SJZG",
"000682 - 东方电子 - DFDZ",
"000683 - 远兴能源 - YXNY",
"000685 - 中山公用 - ZSGY",
"000686 - 东北证券 - DBZQ",
"000687 - 恒天天鹅 - HTTE",
"000688 - 建新矿业 - JXKY",
"000690 - 宝新能源 - BXNY",
"000691 - 亚太实业 - YTSY",
"000692 - 惠天热电 - HTRD",
"000693 - 华泽钴镍 - HZGN",
"000695 - 滨海能源 - BHNY",
"000697 - 炼石有色 - LSYS",
"000698 - 沈阳化工 - SYHG",
"000700 - 模塑科技 - MSKJ",
"000701 - 厦门信达 - XMXD",
"000702 - 正虹科技 - ZHKJ",
"000703 - 恒逸石化 - HYSH",
"000705 - 浙江震元 - ZJZY",
"000707 - 双环科技 - SHKJ",
"000708 - 大冶特钢 - DYTG",
"000709 - 河北钢铁 - HBGT",
"000710 - 天兴仪表 - TXYB",
"000711 - *ST京 - *STJL",
"000712 - 锦龙股份 - JLGF",
"000713 - 丰乐种业 - FLZY",
"000715 - 中兴商业 - ZXSY",
"000716 - 黑芝麻 - HZM",
"000717 - 韶钢松山 - SGSS",
"000718 - 苏宁环球 - SNHQ",
"000719 - 大地传媒 - DDCM",
"000720 - 新能泰山 - XNTS",
"000721 - 西安饮食 - XAYS",
"000722 - 湖南发展 - HNFZ",
"000723 - 美锦能源 - MJNY",
"000725 - 京东方Ａ - JDFA",
"000726 - 鲁  泰 - LTA",
"000727 - 华东科技 - HDKJ",
"000728 - 国元证券 - GYZQ",
"000729 - 燕京啤酒 - YJPJ",
"000731 - 四川美丰 - SCMF",
"000732 - 泰禾集团 - THJT",
"000733 - 振华科技 - ZHKJ",
"000735 - 罗 牛 - LNS",
"000736 - 中房地产 - ZFDC",
"000737 - 南风化工 - NFHG",
"000738 - 中航动控 - ZHDK",
"000739 - 普洛药业 - PLYY",
"000748 - 长城信息 - CCXX",
"000750 - 国海证券 - GHZQ",
"000751 - 锌业股份 - XYGF",
"000752 - 西藏发展 - XCFZ",
"000753 - 漳州发展 - ZZFZ",
"000755 - *ST三 - *STSW",
"000756 - 新华制药 - XHZY",
"000757 - 浩物股份 - HWGF",
"000758 - 中色股份 - ZSGF",
"000759 - 中百集团 - ZBJT",
"000760 - 斯太尔 - STE",
"000761 - 本钢板材 - BGBC",
"000762 - 西藏矿业 - XCKY",
"000766 - 通化金马 - THJM",
"000767 - 漳泽电力 - ZZDL",
"000768 - 中航飞机 - ZHFJ",
"000776 - 广发证券 - GFZQ",
"000777 - 中核科技 - ZHKJ",
"000778 - 新兴铸管 - XXZG",
"000779 - 三毛派神 - SMPS",
"000780 - 平庄能源 - PZNY",
"000782 - 美达股份 - MDGF",
"000783 - 长江证券 - CJZQ",
"000785 - 武汉中商 - WHZS",
"000786 - 北新建材 - BXJC",
"000788 - 北大医药 - BDYY",
"000789 - 万年青 - WNQ",
"000790 - 华神集团 - HSJT",
"000791 - 甘肃电投 - GSDT",
"000792 - 盐湖股份 - YHGF",
"000793 - 华闻传媒 - HWCM",
"000795 - 太原刚玉 - TYGY",
"000796 - 易食股份 - YSGF",
"000797 - 中国武夷 - ZGWY",
"000798 - 中水渔业 - ZSYY",
"000799 - 酒 鬼 - JGJ",
"000800 - 一汽轿车 - YQJC",
"000801 - 四川九洲 - SCJZ",
"000802 - 北京文化 - BJWH",
"000803 - 金宇车城 - JYCC",
"000806 - 银河投资 - YHTZ",
"000807 - 云铝股份 - YLGF",
"000809 - 铁岭新城 - TLXC",
"000810 - 创维数字 - CWSZ",
"000811 - 烟台冰轮 - YTBL",
"000812 - 陕西金叶 - SXJY",
"000813 - 天山纺织 - TSFZ",
"000815 - *ST美 - *STML",
"000816 - 江淮动力 - JHDL",
"000818 - 方大化工 - FDHG",
"000819 - 岳阳兴长 - YYXC",
"000820 - 金城股份 - JCGF",
"000821 - 京山轻机 - JSQJ",
"000822 - 山东海化 - SDHH",
"000823 - 超声电子 - CSDZ",
"000825 - 太钢不锈 - TGBX",
"000826 - 桑德环境 - SDHJ",
"000828 - 东莞控股 - DGKG",
"000829 - 天音控股 - TYKG",
"000830 - 鲁西化工 - LXHG",
"000831 - 五矿稀土 - WKXT",
"000833 - 贵糖股份 - GTGF",
"000835 - 长城动漫 - CCDM",
"000836 - 鑫茂科技 - XMKJ",
"000837 - 秦川机床 - QCJC",
"000838 - 国兴地产 - GXDC",
"000839 - 中信国安 - ZXGA",
"000848 - 承德露露 - CDLL",
"000850 - 华茂股份 - HMGF",
"000851 - 高鸿股份 - GHGF",
"000852 - 江钻股份 - JZGF",
"000856 - 冀东装备 - JDZB",
"000858 - 五 粮 - WLY",
"000859 - 国风塑业 - GFSY",
"000860 - 顺鑫农业 - SXNY",
"000861 - 海印股份 - HYGF",
"000862 - 银星能源 - YXNY",
"000863 - 三湘股份 - SXGF",
"000868 - 安凯客车 - AKKC",
"000869 - 张  裕 - ZYA",
"000875 - 吉电股份 - JDGF",
"000876 - 新 希 - XXW",
"000877 - 天山股份 - TSGF",
"000878 - 云南铜业 - YNTY",
"000880 - 潍柴重机 - WCZJ",
"000881 - 大连国际 - DLGJ",
"000882 - 华联股份 - HLGF",
"000883 - 湖北能源 - HBNY",
"000885 - 同力水泥 - TLSN",
"000886 - 海南高速 - HNGS",
"000887 - 中鼎股份 - ZDGF",
"000888 - 峨眉山Ａ - EMSA",
"000889 - 茂业物流 - MYWL",
"000890 - 法 尔 - FES",
"000892 - 星美联合 - XMLH",
"000893 - 东凌粮油 - DLLY",
"000895 - 双汇发展 - SHFZ",
"000897 - 津滨发展 - JBFZ",
"000898 - 鞍钢股份 - AGGF",
"000899 - 赣能股份 - GNGF",
"000900 - 现代投资 - XDTZ",
"000901 - 航天科技 - HTKJ",
"000902 - 新洋丰 - XYF",
"000903 - 云内动力 - YNDL",
"000905 - 厦门港务 - XMGW",
"000906 - 物产中拓 - WCZT",
"000908 - 景峰医药 - JFYY",
"000909 - 数源科技 - SYKJ",
"000910 - 大亚科技 - DYKJ",
"000911 - 南宁糖业 - NNTY",
"000912 - *ST天 - *STTH",
"000913 - 钱江摩托 - QJMT",
"000915 - 山大华特 - SDHT",
"000916 - 华北高速 - HBGS",
"000917 - 电广传媒 - DGCM",
"000918 - 嘉凯城 - JKC",
"000919 - 金陵药业 - JLYY",
"000920 - 南方汇通 - NFHT",
"000921 - 海信科龙 - HXKL",
"000922 - 佳电股份 - JDGF",
"000923 - 河北宣工 - HBXG",
"000925 - 众合科技 - ZHKJ",
"000926 - 福星股份 - FXGF",
"000927 - *ST夏 - *STXL",
"000928 - 中钢国际 - ZGGJ",
"000929 - 兰州黄河 - LZHH",
"000930 - 中粮生化 - ZLSH",
"000931 - 中 关 - ZGC",
"000932 - 华菱钢铁 - HLGT",
"000933 - 神火股份 - SHGF",
"000935 - 四川双马 - SCSM",
"000936 - 华西股份 - HXGF",
"000937 - 冀中能源 - JZNY",
"000938 - 紫光股份 - ZGGF",
"000939 - 凯迪电力 - KDDL",
"000948 - 南天信息 - NTXX",
"000949 - 新乡化纤 - XXHX",
"000950 - 建峰化工 - JFHG",
"000951 - 中国重汽 - ZGZQ",
"000952 - 广济药业 - GJYY",
"000953 - 河池化工 - HCHG",
"000955 - 欣龙控股 - XLKG",
"000957 - 中通客车 - ZTKC",
"000958 - 东方能源 - DFNY",
"000959 - 首钢股份 - SGGF",
"000960 - 锡业股份 - XYGF",
"000961 - 中南建设 - ZNJS",
"000962 - 东方钽业 - DFTY",
"000963 - 华东医药 - HDYY",
"000965 - 天保基建 - TBJJ",
"000966 - 长源电力 - CYDL",
"000967 - 上风高科 - SFGK",
"000968 - 煤 气 - MQH",
"000969 - 安泰科技 - ATKJ",
"000970 - 中科三环 - ZKSH",
"000971 - 蓝鼎控股 - LDKG",
"000972 - 新中基 - XZJ",
"000973 - 佛塑科技 - FSKJ",
"000975 - 银泰资源 - YTZY",
"000976 - *ST春 - *STCH",
"000977 - 浪潮信息 - LCXX",
"000978 - 桂林旅游 - GLLY",
"000979 - 中弘股份 - ZHGF",
"000980 - 金马股份 - JMGF",
"000981 - 银亿股份 - YYGF",
"000982 - 中银绒业 - ZYRY",
"000983 - 西山煤电 - XSMD",
"000985 - 大庆华科 - DQHK",
"000987 - 广州友谊 - GZYY",
"000988 - 华工科技 - HGKJ",
"000989 - 九 芝 - JZT",
"000990 - 诚志股份 - CZGF",
"000993 - 闽东电力 - MDDL",
"000995 - 皇台酒业 - HTJY",
"000996 - 中国中期 - ZGZQ",
"000997 - 新 大 - XDL",
"000998 - 隆平高科 - LPGK",
"000999 - 华润三九 - HRSJ",
"001696 - 宗申动力 - ZSDL",
"001896 - 豫能控股 - YNKG",
"002001 - 新 和 - XHC",
"002002 - 鸿达兴业 - HDXY",
"002003 - 伟星股份 - WXGF",
"002004 - 华邦颖泰 - HBYT",
"002005 - 德豪润达 - DHRD",
"002006 - 精功科技 - JGKJ",
"002007 - 华兰生物 - HLSW",
"002008 - 大族激光 - DZJG",
"002009 - 天奇股份 - TQGF",
"002010 - 传化股份 - CHGF",
"002011 - 盾安环境 - DAHJ",
"002012 - 凯恩股份 - KEGF",
"002013 - 中航机电 - ZHJD",
"002014 - 永新股份 - YXGF",
"002015 - *ST霞 - *STXK",
"002016 - 世荣兆业 - SRZY",
"002017 - 东信和平 - DXHP",
"002018 - 华信国际 - HXGJ",
"002019 - 亿帆鑫富 - YFXF",
"002020 - 京新药业 - JXYY",
"002021 - 中捷资源 - ZJZY",
"002022 - 科华生物 - KHSW",
"002023 - 海特高新 - HTGX",
"002024 - 苏宁云商 - SNYS",
"002025 - 航天电器 - HTDQ",
"002026 - 山东威达 - SDWD",
"002027 - 七喜控股 - QXKG",
"002028 - 思源电气 - SYDQ",
"002029 - 七 匹 - QPL",
"002030 - 达安基因 - DAJY",
"002031 - 巨轮股份 - JLGF",
"002032 - 苏 泊 - SBE",
"002033 - 丽江旅游 - LJLY",
"002034 - 美 欣 - MXD",
"002035 - 华帝股份 - HDGF",
"002036 - 汉麻产业 - HMCY",
"002037 - 久联发展 - JLFZ",
"002038 - 双鹭药业 - SLYY",
"002039 - 黔源电力 - QYDL",
"002040 - 南 京 - NJG",
"002041 - 登海种业 - DHZY",
"002042 - 华孚色纺 - HFSF",
"002043 - 兔 宝 - TBB",
"002044 - 江苏三友 - JSSY",
"002045 - 国光电器 - GGDQ",
"002046 - 轴研科技 - ZYKJ",
"002047 - 宝鹰股份 - BYGF",
"002048 - 宁波华翔 - NBHX",
"002049 - 同方国芯 - TFGX",
"002050 - 三花股份 - SHGF",
"002051 - 中工国际 - ZGGJ",
"002052 - 同洲电子 - TZDZ",
"002053 - 云南盐化 - YNYH",
"002054 - 德美化工 - DMHG",
"002055 - 得润电子 - DRDZ",
"002056 - 横店东磁 - HDDC",
"002057 - 中钢天源 - ZGTY",
"002058 - 威 尔 - WET",
"002059 - 云南旅游 - YNLY",
"002060 - 粤 水 - YSD",
"002061 - 江山化工 - JSHG",
"002062 - 宏润建设 - HRJS",
"002063 - 远光软件 - YGRJ",
"002064 - 华峰氨纶 - HFAL",
"002065 - 东华软件 - DHRJ",
"002066 - 瑞泰科技 - RTKJ",
"002067 - 景兴纸业 - JXZY",
"002068 - 黑猫股份 - HMGF",
"002069 - 獐 子 - ZZD",
"002070 - 众和股份 - ZHGF",
"002071 - 长城影视 - CCYS",
"002072 - 凯瑞德 - KRD",
"002073 - 软控股份 - RKGF",
"002074 - 东源电器 - DYDQ",
"002075 - 沙钢股份 - SGGF",
"002076 - 雪 莱 - XLT",
"002077 - 大港股份 - DGGF",
"002078 - 太阳纸业 - TYZY",
"002079 - 苏州固锝 - SZGD",
"002080 - 中材科技 - ZCKJ",
"002081 - 金 螳 - JTL",
"002082 - 栋梁新材 - DLXC",
"002083 - 孚日股份 - FRGF",
"002084 - 海鸥卫浴 - HOWY",
"002085 - 万丰奥威 - WFAW",
"002086 - 东方海洋 - DFHY",
"002087 - 新野纺织 - XYFZ",
"002088 - 鲁阳股份 - LYGF",
"002089 - 新 海 - XHY",
"002090 - 金智科技 - JZKJ",
"002091 - 江苏国泰 - JSGT",
"002092 - 中泰化学 - ZTHX",
"002093 - 国脉科技 - GMKJ",
"002094 - 青岛金王 - QDJW",
"002095 - 生 意 - SYB",
"002096 - 南岭民爆 - NLMB",
"002097 - 山河智能 - SHZN",
"002098 - 浔兴股份 - XXGF",
"002099 - 海翔药业 - HXYY",
"002100 - 天康生物 - TKSW",
"002101 - 广东鸿图 - GDHT",
"002102 - 冠福股份 - GFGF",
"002103 - 广博股份 - GBGF",
"002104 - 恒宝股份 - HBGF",
"002105 - 信隆实业 - XLSY",
"002106 - 莱宝高科 - LBGK",
"002107 - 沃华医药 - WHYY",
"002108 - 沧州明珠 - CZMZ",
"002109 - 兴化股份 - XHGF",
"002110 - 三钢闽光 - SGMG",
"002111 - 威海广泰 - WHGT",
"002112 - 三变科技 - SBKJ",
"002113 - 天润控股 - TRKG",
"002114 - 罗平锌电 - LPXD",
"002115 - 三维通信 - SWTX",
"002116 - 中国海诚 - ZGHC",
"002117 - 东港股份 - DGGF",
"002118 - 紫鑫药业 - ZXYY",
"002119 - 康强电子 - KQDZ",
"002120 - 新海股份 - XHGF",
"002121 - 科陆电子 - KLDZ",
"002122 - 天马股份 - TMGF",
"002123 - 荣信股份 - RXGF",
"002124 - 天邦股份 - TBGF",
"002125 - 湘潭电化 - XTDH",
"002126 - 银轮股份 - YLGF",
"002127 - *ST新 - *STXM",
"002128 - 露天煤业 - LTMY",
"002129 - 中环股份 - ZHGF",
"002130 - 沃尔核材 - WEHC",
"002131 - 利欧股份 - LOGF",
"002132 - 恒星科技 - HXKJ",
"002133 - 广宇集团 - GYJT",
"002134 - 天津普林 - TJPL",
"002135 - 东南网架 - DNWJ",
"002136 - 安 纳 - AND",
"002137 - 实 益 - SYD",
"002138 - 顺络电子 - SLDZ",
"002139 - 拓邦股份 - TBGF",
"002140 - 东华科技 - DHKJ",
"002141 - 蓉胜超微 - RSCW",
"002142 - 宁波银行 - NBYX",
"002143 - 印纪传媒 - YJCM",
"002144 - 宏达高科 - HDGK",
"002145 - 中核钛白 - ZHTB",
"002146 - 荣盛发展 - RSFZ",
"002147 - 方圆支承 - FYZC",
"002148 - 北纬通信 - BWTX",
"002149 - 西部材料 - XBCL",
"002150 - 通润装备 - TRZB",
"002151 - 北斗星通 - BDXT",
"002152 - 广电运通 - GDYT",
"002153 - 石基信息 - SJXX",
"002154 - 报 喜 - BXN",
"002155 - 辰州矿业 - CZKY",
"002156 - 通富微电 - TFWD",
"002157 - 正邦科技 - ZBKJ",
"002158 - 汉钟精机 - HZJJ",
"002159 - 三特索道 - STSD",
"002160 - 常铝股份 - CLGF",
"002161 - 远 望 - YWG",
"002162 - 斯米克 - SMK",
"002163 - *ST三 - *STSX",
"002164 - 宁波东力 - NBDL",
"002165 - 红 宝 - HBL",
"002166 - 莱茵生物 - LYSW",
"002167 - 东方锆业 - DFGY",
"002168 - 深圳惠程 - SZHC",
"002169 - 智光电气 - ZGDQ",
"002170 - 芭田股份 - BTGF",
"002171 - 精诚铜业 - JCTY",
"002172 - 澳洋科技 - AYKJ",
"002173 - 千足珍珠 - QZZZ",
"002174 - 游族网络 - YZWL",
"002175 - 广陆数测 - GLSC",
"002176 - 江特电机 - JTDJ",
"002177 - 御银股份 - YYGF",
"002178 - 延华智能 - YHZN",
"002179 - 中航光电 - ZHGD",
"002180 - 艾派克 - APK",
"002181 - 粤 传 - YCM",
"002182 - 云海金属 - YHJS",
"002183 - 怡 亚 - YYT",
"002184 - 海得控制 - HDKZ",
"002185 - 华天科技 - HTKJ",
"002186 - 全 聚 - QJD",
"002187 - 广百股份 - GBGF",
"002188 - 新 嘉 - XJL",
"002189 - 利达光电 - LDGD",
"002190 - 成飞集成 - CFJC",
"002191 - 劲嘉股份 - JJGF",
"002192 - *ST路 - *STLX",
"002193 - 山东如意 - SDRY",
"002194 - 武汉凡谷 - WHFG",
"002195 - 二三四五 - ESSW",
"002196 - 方正电机 - FZDJ",
"002197 - 证通电子 - ZTDZ",
"002198 - 嘉应制药 - JYZY",
"002199 - 东晶电子 - DJDZ",
"002200 - 云投生态 - YTST",
"002201 - 九鼎新材 - JDXC",
"002202 - 金风科技 - JFKJ",
"002203 - 海亮股份 - HLGF",
"002204 - 大连重工 - DLZG",
"002205 - 国统股份 - GTGF",
"002206 - 海 利 - HLD",
"002207 - 准油股份 - ZYGF",
"002208 - 合肥城建 - HFCJ",
"002209 - 达 意 - DYL",
"002210 - 飞马国际 - FMGJ",
"002211 - 宏达新材 - HDXC",
"002212 - 南洋股份 - NYGF",
"002213 - 特 尔 - TEJ",
"002214 - 大立科技 - DLKJ",
"002215 - 诺 普 - NPX",
"002216 - 三全食品 - SQSP",
"002217 - 合力泰 - HLT",
"002218 - 拓日新能 - TRXN",
"002219 - 恒康医疗 - HKYL",
"002220 - 天宝股份 - TBGF",
"002221 - 东华能源 - DHNY",
"002222 - 福晶科技 - FJKJ",
"002223 - 鱼跃医疗 - YYYL",
"002224 - 三 力 - SLS",
"002225 - 濮耐股份 - PNGF",
"002226 - 江南化工 - JNHG",
"002227 - 奥 特 - ATX",
"002228 - 合兴包装 - HXBZ",
"002229 - 鸿博股份 - HBGF",
"002230 - 科大讯飞 - KDXF",
"002231 - 奥维通信 - AWTX",
"002232 - 启明信息 - QMXX",
"002233 - 塔牌集团 - TPJT",
"002234 - 民和股份 - MHGF",
"002235 - 安妮股份 - ANGF",
"002236 - 大华股份 - DHGF",
"002237 - 恒邦股份 - HBGF",
"002238 - 天威视讯 - TWSX",
"002239 - 金 飞 - JFD",
"002240 - 威华股份 - WHGF",
"002241 - 歌尔声学 - GESX",
"002242 - 九阳股份 - JYGF",
"002243 - 通产丽星 - TCLX",
"002244 - 滨江集团 - BJJT",
"002245 - 澳洋顺昌 - AYSC",
"002246 - 北化股份 - BHGF",
"002247 - 帝龙新材 - DLXC",
"002248 - *ST东 - *STDS",
"002249 - 大洋电机 - DYDJ",
"002250 - 联化科技 - LHKJ",
"002251 - 步 步 - BBG",
"002252 - 上海莱士 - SHLS",
"002253 - 川大智胜 - CDZS",
"002254 - 泰和新材 - THXC",
"002255 - 海陆重工 - HLZG",
"002256 - 彩虹精化 - CHJH",
"002258 - 利尔化学 - LEHX",
"002259 - 升达林业 - SDLY",
"002260 - 伊 立 - YLP",
"002261 - 拓维信息 - TWXX",
"002262 - 恩华药业 - EHYY",
"002263 - 大 东 - DDN",
"002264 - 新 华 - XHD",
"002265 - 西仪股份 - XYGF",
"002266 - 浙富控股 - ZFKG",
"002267 - 陕天然气 - STRQ",
"002268 - 卫 士 - WST",
"002269 - 美邦服饰 - MBFS",
"002270 - 法因数控 - FYSK",
"002271 - 东方雨虹 - DFYH",
"002272 - 川润股份 - CRGF",
"002273 - 水晶光电 - SJGD",
"002274 - 华昌化工 - HCHG",
"002275 - 桂林三金 - GLSJ",
"002276 - 万马股份 - WMGF",
"002277 - 友阿股份 - YAGF",
"002278 - 神开股份 - SKGF",
"002279 - 久其软件 - JQRJ",
"002280 - 联络互动 - LLHD",
"002281 - 光迅科技 - GXKJ",
"002282 - 博深工具 - BSGJ",
"002283 - 天润曲轴 - TRQZ",
"002284 - 亚太股份 - YTGF",
"002285 - 世联行 - SLX",
"002286 - 保龄宝 - BLB",
"002287 - 奇正藏药 - QZCY",
"002288 - 超华科技 - CHKJ",
"002289 - 宇顺电子 - YSDZ",
"002290 - 禾盛新材 - HSXC",
"002291 - 星期六 - XQL",
"002292 - 奥飞动漫 - AFDM",
"002293 - 罗莱家纺 - LLJF",
"002294 - 信立泰 - XLT",
"002295 - 精艺股份 - JYGF",
"002296 - 辉煌科技 - HHKJ",
"002297 - 博云新材 - BYXC",
"002298 - 鑫龙电器 - XLDQ",
"002299 - 圣农发展 - SNFZ",
"002300 - 太阳电缆 - TYDL",
"002301 - 齐心集团 - QXJT",
"002302 - 西部建设 - XBJS",
"002303 - 美盈森 - MYS",
"002304 - 洋河股份 - YHGF",
"002305 - 南国置业 - NGZY",
"002306 - 中科云网 - ZKYW",
"002307 - 北新路桥 - BXLQ",
"002308 - 威创股份 - WCGF",
"002309 - 中利科技 - ZLKJ",
"002310 - 东方园林 - DFYL",
"002311 - 海大集团 - HDJT",
"002312 - 三泰控股 - STKG",
"002313 - 日海通讯 - RHTX",
"002314 - 雅致股份 - YZGF",
"002315 - 焦点科技 - JDKJ",
"002316 - 键桥通讯 - JQTX",
"002317 - 众生药业 - ZSYY",
"002318 - 久立特材 - JLTC",
"002319 - 乐通股份 - LTGF",
"002320 - 海峡股份 - HXGF",
"002321 - 华英农业 - HYNY",
"002322 - 理工监测 - LGJC",
"002323 - 中联电气 - ZLDQ",
"002324 - 普利特 - PLT",
"002325 - 洪涛股份 - HTGF",
"002326 - 永太科技 - YTKJ",
"002327 - 富安娜 - FAN",
"002328 - 新朋股份 - XPGF",
"002329 - 皇氏集团 - HSJT",
"002330 - 得利斯 - DLS",
"002331 - 皖通科技 - WTKJ",
"002332 - 仙琚制药 - XJZY",
"002333 - 罗普斯金 - LPSJ",
"002334 - 英威腾 - YWT",
"002335 - 科华恒盛 - KHHS",
"002336 - 人人乐 - RRL",
"002337 - 赛象科技 - SXKJ",
"002338 - 奥普光电 - APGD",
"002339 - 积成电子 - JCDZ",
"002340 - 格林美 - GLM",
"002341 - 新纶科技 - XLKJ",
"002342 - 巨力索具 - JLSJ",
"002343 - 禾欣股份 - HXGF",
"002344 - 海宁皮城 - HNPC",
"002345 - 潮宏基 - CHJ",
"002346 - 柘中股份 - ZZGF",
"002347 - 泰尔重工 - TEZG",
"002348 - 高乐股份 - GLGF",
"002349 - 精华制药 - JHZY",
"002350 - 北京科锐 - BJKR",
"002351 - 漫步者 - MBZ",
"002352 - 鼎泰新材 - DTXC",
"002353 - 杰瑞股份 - JRGF",
"002354 - 天神娱乐 - TSYL",
"002355 - 兴民钢圈 - XMGQ",
"002356 - 浩宁达 - HND",
"002357 - 富临运业 - FLYY",
"002358 - 森源电气 - SYDQ",
"002359 - 齐星铁塔 - QXTT",
"002360 - 同德化工 - TDHG",
"002361 - 神剑股份 - SJGF",
"002362 - 汉王科技 - HWKJ",
"002363 - 隆基机械 - LJJX",
"002364 - 中恒电气 - ZHDQ",
"002365 - 永安药业 - YAYY",
"002366 - 丹甫股份 - DFGF",
"002367 - 康力电梯 - KLDT",
"002368 - 太极股份 - TJGF",
"002369 - 卓翼科技 - ZYKJ",
"002370 - 亚太药业 - YTYY",
"002371 - 七星电子 - QXDZ",
"002372 - 伟星新材 - WXXC",
"002373 - 千方科技 - QFKJ",
"002374 - 丽鹏股份 - LPGF",
"002375 - 亚厦股份 - YXGF",
"002376 - 新北洋 - XBY",
"002377 - 国创高新 - GCGX",
"002378 - 章源钨业 - ZYWY",
"002379 - 鲁丰环保 - LFHB",
"002380 - 科远股份 - KYGF",
"002381 - 双箭股份 - SJGF",
"002382 - 蓝帆医疗 - LFYL",
"002383 - 合众思壮 - HZSZ",
"002384 - 东山精密 - DSJM",
"002385 - 大北农 - DBN",
"002386 - 天原集团 - TYJT",
"002387 - 黑牛食品 - HNSP",
"002388 - 新亚制程 - XYZC",
"002389 - 南洋科技 - NYKJ",
"002390 - 信邦制药 - XBZY",
"002391 - 长青股份 - CQGF",
"002392 - 北京利尔 - BJLE",
"002393 - 力生制药 - LSZY",
"002394 - 联发股份 - LFGF",
"002395 - 双象股份 - SXGF",
"002396 - 星网锐捷 - XWRJ",
"002397 - 梦洁家纺 - MJJF",
"002398 - 建研集团 - JYJT",
"002399 - 海普瑞 - HPR",
"002400 - 省广股份 - SGGF",
"002401 - 中海科技 - ZHKJ",
"002402 - 和而泰 - HET",
"002403 - 爱仕达 - ASD",
"002404 - 嘉欣丝绸 - JXSC",
"002405 - 四维图新 - SWTX",
"002406 - 远东传动 - YDCD",
"002407 - 多氟多 - DFD",
"002408 - 齐翔腾达 - QXTD",
"002409 - 雅克科技 - YKKJ",
"002410 - 广联达 - GLD",
"002411 - 九九久 - JJJ",
"002412 - 汉森制药 - HSZY",
"002413 - 常发股份 - CFGF",
"002414 - 高德红外 - GDHW",
"002415 - 海康威视 - HKWS",
"002416 - 爱施德 - ASD",
"002417 - 三元达 - SYD",
"002418 - 康盛股份 - KSGF",
"002419 - 天虹商场 - THSC",
"002420 - 毅昌股份 - YCGF",
"002421 - 达实智能 - DSZN",
"002422 - 科伦药业 - KLYY",
"002423 - 中原特钢 - ZYTG",
"002424 - 贵州百灵 - GZBL",
"002425 - 凯撒股份 - KSGF",
"002426 - 胜利精密 - SLJM",
"002427 - 尤夫股份 - YFGF",
"002428 - 云南锗业 - YNZY",
"002429 - 兆驰股份 - ZCGF",
"002430 - 杭氧股份 - HYGF",
"002431 - 棕榈园林 - ZLYL",
"002432 - 九安医疗 - JAYL",
"002433 - 太安堂 - TAT",
"002434 - 万里扬 - WLY",
"002435 - 长江润发 - CJRF",
"002436 - 兴森科技 - XSKJ",
"002437 - 誉衡药业 - YHYY",
"002438 - 江苏神通 - JSST",
"002439 - 启明星辰 - QMXC",
"002440 - 闰土股份 - RTGF",
"002441 - 众业达 - ZYD",
"002442 - 龙星化工 - LXHG",
"002443 - 金洲管道 - JZGD",
"002444 - 巨星科技 - JXKJ",
"002445 - 中南重工 - ZNZG",
"002446 - 盛路通信 - SLTX",
"002447 - 壹桥海参 - YQHC",
"002448 - 中原内配 - ZYNP",
"002449 - 国星光电 - GXGD",
"002450 - 康得新 - KDX",
"002451 - 摩恩电气 - MEDQ",
"002452 - 长高集团 - CGJT",
"002453 - 天马精化 - TMJH",
"002454 - 松芝股份 - SZGF",
"002455 - 百川股份 - BCGF",
"002456 - 欧菲光 - OFG",
"002457 - 青龙管业 - QLGY",
"002458 - 益生股份 - YSGF",
"002459 - 天业通联 - TYTL",
"002460 - 赣锋锂业 - GFLY",
"002461 - 珠江啤酒 - ZJPJ",
"002462 - 嘉事堂 - JST",
"002463 - 沪电股份 - HDGF",
"002464 - 金利科技 - JLKJ",
"002465 - 海格通信 - HGTX",
"002466 - 天齐锂业 - TQLY",
"002467 - 二六三 - ELS",
"002468 - 艾迪西 - ADX",
"002469 - 三维工程 - SWGC",
"002470 - 金正大 - JZD",
"002471 - 中超电缆 - ZCDL",
"002472 - 双环传动 - SHCD",
"002473 - 圣莱达 - SLD",
"002474 - 榕基软件 - RJRJ",
"002475 - 立讯精密 - LXJM",
"002476 - 宝莫股份 - BMGF",
"002477 - 雏鹰农牧 - CYNM",
"002478 - 常宝股份 - CBGF",
"002479 - 富春环保 - FCHB",
"002480 - 新筑股份 - XZGF",
"002481 - 双塔食品 - STSP",
"002482 - 广田股份 - GTGF",
"002483 - 润邦股份 - RBGF",
"002484 - 江海股份 - JHGF",
"002485 - 希努尔 - XNE",
"002486 - 嘉麟杰 - JLJ",
"002487 - 大金重工 - DJZG",
"002488 - 金固股份 - JGGF",
"002489 - 浙江永强 - ZJYQ",
"002490 - 山东墨龙 - SDML",
"002491 - 通鼎互联 - TDHL",
"002492 - 恒基达鑫 - HJDX",
"002493 - 荣盛石化 - RSSH",
"002494 - 华斯股份 - HSGF",
"002495 - 佳隆股份 - JLGF",
"002496 - 辉丰股份 - HFGF",
"002497 - 雅化集团 - YHJT",
"002498 - 汉缆股份 - HLGF",
"002499 - 科林环保 - KLHB",
"002500 - 山西证券 - SXZQ",
"002501 - 利源精制 - LYJZ",
"002502 - 骅威股份 - HWGF",
"002503 - 搜于特 - SYT",
"002504 - 东光微电 - DGWD",
"002505 - 大康牧业 - DKMY",
"002507 - 涪陵榨菜 - FLZC",
"002508 - 老板电器 - LBDQ",
"002509 - 天广消防 - TGXF",
"002510 - 天汽模 - TQM",
"002511 - 中顺洁柔 - ZSJR",
"002512 - 达华智能 - DHZN",
"002513 - 蓝丰生化 - LFSH",
"002514 - 宝馨科技 - BXKJ",
"002515 - 金字火腿 - JZHT",
"002516 - 江苏旷达 - JSKD",
"002517 - 泰亚股份 - TYGF",
"002518 - 科士达 - KSD",
"002519 - 银河电子 - YHDZ",
"002520 - 日发精机 - RFJJ",
"002521 - 齐峰新材 - QFXC",
"002522 - 浙江众成 - ZJZC",
"002523 - 天桥起重 - TQQZ",
"002524 - 光正集团 - GZJT",
"002526 - 山东矿机 - SDKJ",
"002527 - 新时达 - XSD",
"002528 - 英飞拓 - YFT",
"002529 - 海源机械 - HYJX",
"002530 - 丰东股份 - FDGF",
"002531 - 天顺风能 - TSFN",
"002532 - 新界泵业 - XJBY",
"002533 - 金杯电工 - JBDG",
"002534 - 杭锅股份 - HGGF",
"002535 - 林州重机 - LZZJ",
"002536 - 西泵股份 - XBGF",
"002537 - 海立美达 - HLMD",
"002538 - 司尔特 - SET",
"002539 - 新都化工 - XDHG",
"002540 - 亚太科技 - YTKJ",
"002541 - 鸿路钢构 - HLGG",
"002542 - 中化岩土 - ZHYT",
"002543 - 万和电气 - WHDQ",
"002544 - 杰赛科技 - JSKJ",
"002545 - 东方铁塔 - DFTT",
"002546 - 新联电子 - XLDZ",
"002547 - 春兴精工 - CXJG",
"002548 - 金新农 - JXN",
"002549 - 凯美特气 - KMTQ",
"002550 - 千红制药 - QHZY",
"002551 - 尚荣医疗 - SRYL",
"002552 - 宝鼎重工 - BDZG",
"002553 - 南方轴承 - NFZC",
"002554 - 惠博普 - HBP",
"002555 - 顺荣三七 - SRSQ",
"002556 - 辉隆股份 - HLGF",
"002557 - 洽洽食品 - QQSP",
"002558 - 世纪游轮 - SJYL",
"002559 - 亚威股份 - YWGF",
"002560 - 通达股份 - TDGF",
"002561 - 徐家汇 - XJH",
"002562 - 兄弟科技 - XDKJ",
"002563 - 森马服饰 - SMFS",
"002564 - 天沃科技 - TWKJ",
"002565 - 上海绿新 - SHLX",
"002566 - 益盛药业 - YSYY",
"002567 - 唐人神 - TRS",
"002568 - 百润股份 - BRGF",
"002569 - 步森股份 - BSGF",
"002570 - 贝因美 - BYM",
"002571 - 德力股份 - DLGF",
"002572 - 索菲亚 - SFY",
"002573 - 国电清新 - GDQX",
"002574 - 明牌珠宝 - MPZB",
"002575 - 群兴玩具 - QXWJ",
"002576 - 通达动力 - TDDL",
"002577 - 雷柏科技 - LBKJ",
"002578 - 闽发铝业 - MFLY",
"002579 - 中京电子 - ZJDZ",
"002580 - 圣阳股份 - SYGF",
"002581 - 万昌科技 - WCKJ",
"002582 - 好想你 - HXN",
"002583 - 海能达 - HND",
"002584 - 西陇化工 - XLHG",
"002585 - 双星新材 - SXXC",
"002586 - 围海股份 - WHGF",
"002587 - 奥拓电子 - ATDZ",
"002588 - 史丹利 - SDL",
"002589 - 瑞康医药 - RKYY",
"002590 - 万安科技 - WAKJ",
"002591 - 恒大高新 - HDGX",
"002592 - 八菱科技 - BLKJ",
"002593 - 日上集团 - RSJT",
"002594 - 比亚迪 - BYD",
"002595 - 豪迈科技 - HMKJ",
"002596 - 海南瑞泽 - HNRZ",
"002597 - 金禾实业 - JHSY",
"002598 - 山东章鼓 - SDZG",
"002599 - 盛通股份 - STGF",
"002600 - 江粉磁材 - JFCC",
"002601 - 佰利联 - BLL",
"002602 - 世纪华通 - SJHT",
"002603 - 以岭药业 - YLYY",
"002604 - 龙力生物 - LLSW",
"002605 - 姚记扑克 - YJPK",
"002606 - 大连电瓷 - DLDC",
"002607 - 亚夏汽车 - YXQC",
"002608 - 舜天船舶 - STCB",
"002609 - 捷顺科技 - JSKJ",
"002610 - 爱康科技 - AKKJ",
"002611 - 东方精工 - DFJG",
"002612 - 朗姿股份 - LZGF",
"002613 - 北玻股份 - BBGF",
"002614 - 蒙发利 - MFL",
"002615 - 哈尔斯 - HES",
"002616 - 长青集团 - CQJT",
"002617 - 露笑科技 - LXKJ",
"002618 - 丹邦科技 - DBKJ",
"002619 - 巨龙管业 - JLGY",
"002620 - 瑞和股份 - RHGF",
"002621 - 大连三垒 - DLSL",
"002622 - 永大集团 - YDJT",
"002623 - 亚玛顿 - YMD",
"002624 - 金磊股份 - JLGF",
"002625 - 龙生股份 - LSGF",
"002626 - 金达威 - JDW",
"002627 - 宜昌交运 - YCJY",
"002628 - 成都路桥 - CDLQ",
"002629 - 仁智油服 - RZYF",
"002630 - 华西能源 - HXNY",
"002631 - 德尔家居 - DEJJ",
"002632 - 道明光学 - DMGX",
"002633 - *ST申 - *STSK",
"002634 - 棒杰股份 - BJGF",
"002635 - 安洁科技 - AJKJ",
"002636 - 金安国纪 - JAGJ",
"002637 - 赞宇科技 - ZYKJ",
"002638 - 勤上光电 - QSGD",
"002639 - 雪人股份 - XRGF",
"002640 - 百圆裤业 - BYKY",
"002641 - 永高股份 - YGGF",
"002642 - 荣之联 - RZL",
"002643 - 烟台万润 - YTWR",
"002644 - 佛慈制药 - FCZY",
"002645 - 华宏科技 - HHKJ",
"002646 - 青青稞酒 - QQKJ",
"002647 - 宏磊股份 - HLGF",
"002648 - 卫星石化 - WXSH",
"002649 - 博彦科技 - BYKJ",
"002650 - 加加食品 - JJSP",
"002651 - 利君股份 - LJGF",
"002652 - 扬子新材 - YZXC",
"002653 - 海思科 - HSK",
"002654 - 万润科技 - WRKJ",
"002655 - 共达电声 - GDDS",
"002656 - 卡奴迪路 - KNDL",
"002657 - 中科金财 - ZKJC",
"002658 - 雪迪龙 - XDL",
"002659 - 中泰桥梁 - ZTQL",
"002660 - 茂硕电源 - MSDY",
"002661 - 克明面业 - KMMY",
"002662 - 京威股份 - JWGF",
"002663 - 普邦园林 - PBYL",
"002664 - 信质电机 - XZDJ",
"002665 - 首航节能 - SHJN",
"002666 - 德联集团 - DLJT",
"002667 - 鞍重股份 - AZGF",
"002668 - 奥马电器 - AMDQ",
"002669 - 康达新材 - KDXC",
"002670 - 华声股份 - HSGF",
"002671 - 龙泉股份 - LQGF",
"002672 - 东江环保 - DJHB",
"002673 - 西部证券 - XBZQ",
"002674 - 兴业科技 - XYKJ",
"002675 - 东诚药业 - DCYY",
"002676 - 顺威股份 - SWGF",
"002677 - 浙江美大 - ZJMD",
"002678 - 珠江钢琴 - ZJGQ",
"002679 - 福建金森 - FJJS",
"002680 - 黄海机械 - HHJX",
"002681 - 奋达科技 - FDKJ",
"002682 - 龙洲股份 - LZGF",
"002683 - 宏大爆破 - HDBP",
"002684 - 猛狮科技 - MSKJ",
"002685 - 华东重机 - HDZJ",
"002686 - 亿利达 - YLD",
"002687 - 乔治白 - QZB",
"002688 - 金河生物 - JHSW",
"002689 - 博林特 - BLT",
"002690 - 美亚光电 - MYGD",
"002691 - 石中装备 - SZZB",
"002692 - 远程电缆 - YCDL",
"002693 - 双成药业 - SCYY",
"002694 - 顾地科技 - GDKJ",
"002695 - 煌上煌 - HSH",
"002696 - 百洋股份 - BYGF",
"002697 - 红旗连锁 - HQLS",
"002698 - 博实股份 - BSGF",
"002699 - 美盛文化 - MSWH",
"002700 - 新疆浩源 - XJHY",
"002701 - 奥瑞金 - ARJ",
"002702 - 海欣食品 - HXSP",
"002703 - 浙江世宝 - ZJSB",
"002705 - 新宝股份 - XBGF",
"002706 - 良信电器 - LXDQ",
"002707 - 众信旅游 - ZXLY",
"002708 - 光洋股份 - GYGF",
"002709 - 天赐材料 - TCCL",
"002711 - 欧浦钢网 - OPGW",
"002712 - 思美传媒 - SMCM",
"002713 - 东易日盛 - DYRS",
"002714 - 牧原股份 - MYGF",
"002715 - 登云股份 - DYGF",
"002716 - 金贵银业 - JGYY",
"002717 - 岭南园林 - LNYL",
"002718 - 友邦吊顶 - YBDD",
"002719 - 麦趣尔 - MQE",
"002721 - 金一文化 - JYWH",
"002722 - 金轮股份 - JLGF",
"002723 - 金莱特 - JLT",
"002724 - 海洋王 - HYW",
"002725 - 跃岭股份 - YLGF",
"002726 - 龙大肉食 - LDRS",
"002727 - 一心堂 - YXT",
"002728 - 台城制药 - TCZY",
"002729 - 好利来 - HLL",
"002730 - 电光科技 - DGKJ",
"002731 - 萃华珠宝 - CHZB",
"002732 - 燕塘乳业 - YTRY",
"002733 - 雄韬股份 - XTGF",
"002734 - 利民股份 - LMGF",
"002735 - 王子新材 - WZXC",
"002736 - 国信证券 - GXZQ",
"002737 - 葵花药业 - KHYY",
"002738 - 中矿资源 - ZKZY",
"002739 - 万达院线 - WDYX",
"002740 - 爱迪尔 - ADE",
"002741 - 光华科技 - GHKJ",
"002742 - 三圣特材 - SSTC",
"002743 - 富煌钢构 - FHGG",
"002745 - 木林森 - MLS",
"002746 - 仙坛股份 - XTGF",
"002747 - 埃斯顿 - ASD",
"002748 - 世龙实业 - SLSY",
"002749 - 国光股份 - GGGF",
"002750 - 龙津药业 - LJYY",
"163109 - 申万深成 - SWSC",
"163110 - 申万量化 - SWLH",
"163111 - 申万中小 - SWZX",
"163112 - 申万债券 - SWZQ",
"163113 - 申万证券 - SWZQ",
"163114 - 申万环保 - SWHB",
"163115 - 申万军工 - SWJG",
"200992 - 中  鲁 - ZLB",
"300001 - 特锐德 - TRD",
"300002 - 神州泰岳 - SZTY",
"300003 - 乐普医疗 - LPYL",
"300004 - 南风股份 - NFGF",
"300005 - 探路者 - TLZ",
"300006 - 莱美药业 - LMYY",
"300007 - 汉威电子 - HWDZ",
"300008 - 上海佳豪 - SHJH",
"300009 - 安科生物 - AKSW",
"300010 - 立思辰 - LSC",
"300011 - 鼎汉技术 - DHJS",
"300012 - 华测检测 - HCJC",
"300013 - 新宁物流 - XNWL",
"300014 - 亿纬锂能 - YWLN",
"300015 - 爱尔眼科 - AEYK",
"300016 - 北陆药业 - BLYY",
"300017 - 网宿科技 - WSKJ",
"300018 - 中元华电 - ZYHD",
"300019 - 硅宝科技 - GBKJ",
"300020 - 银江股份 - YJGF",
"300021 - 大禹节水 - DYJS",
"300022 - 吉峰农机 - JFNJ",
"300023 - 宝德股份 - BDGF",
"300024 - 机器人 - JQR",
"300025 - 华星创业 - HXCY",
"300026 - 红日药业 - HRYY",
"300027 - 华谊兄弟 - HYXD",
"300028 - 金亚科技 - JYKJ",
"300029 - 天龙光电 - TLGD",
"300030 - 阳普医疗 - YPYL",
"300031 - 宝通带业 - BTDY",
"300032 - 金龙机电 - JLJD",
"300033 - 同花顺 - THS",
"300034 - 钢研高纳 - GYGN",
"300035 - 中科电气 - ZKDQ",
"300036 - 超图软件 - CTRJ",
"300037 - 新宙邦 - XZB",
"300038 - 梅泰诺 - MTN",
"300039 - 上海凯宝 - SHKB",
"300040 - 九洲电气 - JZDQ",
"300041 - 回天新材 - HTXC",
"300042 - 朗科科技 - LKKJ",
"300043 - 互动娱乐 - HDYL",
"300044 - 赛为智能 - SWZN",
"300045 - 华力创通 - HLCT",
"300046 - 台基股份 - TJGF",
"300047 - 天源迪科 - TYDK",
"300048 - 合康变频 - HKBP",
"300049 - 福瑞股份 - FRGF",
"300050 - 世纪鼎利 - SJDL",
"300051 - 三五互联 - SWHL",
"300052 - 中青宝 - ZQB",
"300053 - 欧比特 - OBT",
"300054 - 鼎龙股份 - DLGF",
"300055 - 万邦达 - WBD",
"300056 - 三维丝 - SWS",
"300057 - 万顺股份 - WSGF",
"300058 - 蓝色光标 - LSGB",
"300059 - 东方财富 - DFCF",
"300061 - 康耐特 - KNT",
"300062 - 中能电气 - ZNDQ",
"300063 - 天龙集团 - TLJT",
"300064 - 豫金刚石 - YJGS",
"300065 - 海兰信 - HLX",
"300066 - 三川股份 - SCGF",
"300067 - 安诺其 - ANQ",
"300068 - 南都电源 - NDDY",
"300069 - 金利华电 - JLHD",
"300070 - 碧水源 - BSY",
"300071 - 华谊嘉信 - HYJX",
"300072 - 三聚环保 - SJHB",
"300073 - 当升科技 - DSKJ",
"300074 - 华平股份 - HPGF",
"300075 - 数字政通 - SZZT",
"300076 - GQY视 - GQYSX",
"300077 - 国民技术 - GMJS",
"300078 - 中瑞思创 - ZRSC",
"300079 - 数码视讯 - SMSX",
"300080 - 新大新材 - XDXC",
"300081 - 恒信移动 - HXYD",
"300082 - 奥克股份 - AKGF",
"300083 - 劲胜精密 - JSJM",
"300084 - 海默科技 - HMKJ",
"300085 - 银之杰 - YZJ",
"300086 - 康芝药业 - KZYY",
"300087 - 荃银高科 - QYGK",
"300088 - 长信科技 - CXKJ",
"300089 - 长城集团 - CCJT",
"300090 - 盛运环保 - SYHB",
"300091 - 金通灵 - JTL",
"300092 - 科新机电 - KXJD",
"300093 - 金刚玻璃 - JGBL",
"300094 - 国联水产 - GLSC",
"300095 - 华伍股份 - HWGF",
"300096 - 易联众 - YLZ",
"300097 - 智云股份 - ZYGF",
"300098 - 高新兴 - GXX",
"300099 - 尤洛卡 - YLK",
"300100 - 双林股份 - SLGF",
"300101 - 振芯科技 - ZXKJ",
"300102 - 乾照光电 - QZGD",
"300103 - 达刚路机 - DGLJ",
"300104 - 乐视网 - LSW",
"300105 - 龙源技术 - LYJS",
"300106 - 西部牧业 - XBMY",
"300107 - 建新股份 - JXGF",
"300108 - 双龙股份 - SLGF",
"300109 - 新开源 - XKY",
"300110 - 华仁药业 - HRYY",
"300111 - 向日葵 - XRK",
"300112 - 万讯自控 - WXZK",
"300113 - 顺网科技 - SWKJ",
"300114 - 中航电测 - ZHDC",
"300115 - 长盈精密 - CYJM",
"300116 - 坚瑞消防 - JRXF",
"300117 - 嘉寓股份 - JYGF",
"300118 - 东方日升 - DFRS",
"300119 - 瑞普生物 - RPSW",
"300120 - 经纬电材 - JWDC",
"300121 - 阳谷华泰 - YGHT",
"300122 - 智飞生物 - ZFSW",
"300123 - 太阳鸟 - TYN",
"300124 - 汇川技术 - HCJS",
"300125 - 易世达 - YSD",
"300126 - 锐奇股份 - RQGF",
"300127 - 银河磁体 - YHCT",
"300128 - 锦富新材 - JFXC",
"300129 - 泰胜风能 - TSFN",
"300130 - 新国都 - XGD",
"300131 - 英唐智控 - YTZK",
"300132 - 青松股份 - QSGF",
"300133 - 华策影视 - HCYS",
"300134 - 大富科技 - DFKJ",
"300135 - 宝利沥青 - BLLQ",
"300136 - 信维通信 - XWTX",
"300137 - 先河环保 - XHHB",
"300138 - 晨光生物 - CGSW",
"300139 - 福星晓程 - FXXC",
"300140 - 启源装备 - QYZB",
"300141 - 和顺电气 - HSDQ",
"300142 - 沃森生物 - WSSW",
"300143 - 星河生物 - XHSW",
"300144 - 宋城演艺 - SCYY",
"300145 - 南方泵业 - NFBY",
"300146 - 汤臣倍健 - TCBJ",
"300147 - 香雪制药 - XXZY",
"300148 - 天舟文化 - TZWH",
"300149 - 量子高科 - LZGK",
"300150 - 世纪瑞尔 - SJRE",
"300151 - 昌红科技 - CHKJ",
"300152 - 燃控科技 - RKKJ",
"300153 - 科泰电源 - KTDY",
"300154 - 瑞凌股份 - RLGF",
"300155 - 安居宝 - AJB",
"300156 - 神雾环保 - SWHB",
"300157 - 恒泰艾普 - HTAP",
"300158 - 振东制药 - ZDZY",
"300159 - 新研股份 - XYGF",
"300160 - 秀强股份 - XQGF",
"300161 - 华中数控 - HZSK",
"300162 - 雷曼光电 - LMGD",
"300163 - 先锋新材 - XFXC",
"300164 - 通源石油 - TYSY",
"300165 - 天瑞仪器 - TRYQ",
"300166 - 东方国信 - DFGX",
"300167 - 迪威视讯 - DWSX",
"300168 - 万达信息 - WDXX",
"300169 - 天晟新材 - TSXC",
"300170 - 汉得信息 - HDXX",
"300171 - 东富龙 - DFL",
"300172 - 中电环保 - ZDHB",
"300173 - 松德股份 - SDGF",
"300174 - 元力股份 - YLGF",
"300175 - 朗源股份 - LYGF",
"300176 - 鸿特精密 - HTJM",
"300177 - 中海达 - ZHD",
"300178 - 腾邦国际 - TBGJ",
"300179 - 四方达 - SFD",
"300180 - 华峰超纤 - HFCX",
"300181 - 佐力药业 - ZLYY",
"300182 - 捷成股份 - JCGF",
"300183 - 东软载波 - DRZB",
"300184 - 力源信息 - LYXX",
"300185 - 通裕重工 - TYZG",
"300186 - 大华农 - DHN",
"300187 - 永清环保 - YQHB",
"300188 - 美亚柏科 - MYBK",
"300189 - 神农大丰 - SNDF",
"300190 - 维尔利 - WEL",
"300191 - 潜能恒信 - QNHX",
"300192 - 科斯伍德 - KSWD",
"300193 - 佳士科技 - JSKJ",
"300194 - 福安药业 - FAYY",
"300195 - 长荣股份 - CRGF",
"300196 - 长海股份 - CHGF",
"300197 - 铁汉生态 - THST",
"300198 - 纳川股份 - NCGF",
"300199 - 翰宇药业 - HYYY",
"300200 - 高盟新材 - GMXC",
"300201 - 海伦哲 - HLZ",
"300202 - 聚龙股份 - JLGF",
"300203 - 聚光科技 - JGKJ",
"300204 - 舒泰神 - STS",
"300205 - 天喻信息 - TYXX",
"300206 - 理邦仪器 - LBYQ",
"300207 - 欣旺达 - XWD",
"300208 - 恒顺众昇 - HSZS",
"300209 - 天泽信息 - TZXX",
"300210 - 森远股份 - SYGF",
"300211 - 亿通科技 - YTKJ",
"300212 - 易华录 - YHL",
"300213 - 佳讯飞鸿 - JXFH",
"300214 - 日科化学 - RKHX",
"300215 - 电科院 - DKY",
"300216 - 千山药机 - QSYJ",
"300217 - 东方电热 - DFDR",
"300218 - 安利股份 - ALGF",
"300219 - 鸿利光电 - HLGD",
"300220 - 金运激光 - JYJG",
"300221 - 银禧科技 - YXKJ",
"300222 - 科大智能 - KDZN",
"300223 - 北京君正 - BJJZ",
"300224 - 正海磁材 - ZHCC",
"300225 - 金力泰 - JLT",
"300226 - 上海钢联 - SHGL",
"300227 - 光韵达 - GYD",
"300228 - 富瑞特装 - FRTZ",
"300229 - 拓尔思 - TES",
"300230 - 永利带业 - YLDY",
"300231 - 银信科技 - YXKJ",
"300232 - 洲明科技 - ZMKJ",
"300233 - 金城医药 - JCYY",
"300234 - 开尔新材 - KEXC",
"300235 - 方直科技 - FZKJ",
"300236 - 上海新阳 - SHXY",
"300237 - 美晨科技 - MCKJ",
"300238 - 冠昊生物 - GHSW",
"300239 - 东宝生物 - DBSW",
"300240 - 飞力达 - FLD",
"300241 - 瑞丰光电 - RFGD",
"300242 - 明家科技 - MJKJ",
"300243 - 瑞丰高材 - RFGC",
"300244 - 迪安诊断 - DAZD",
"300245 - 天玑科技 - TJKJ",
"300246 - 宝莱特 - BLT",
"300247 - 桑乐金 - SLJ",
"300248 - 新开普 - XKP",
"300249 - 依米康 - YMK",
"300250 - 初灵信息 - CLXX",
"300251 - 光线传媒 - GXCM",
"300252 - 金信诺 - JXN",
"300253 - 卫宁软件 - WNRJ",
"300254 - 仟源医药 - QYYY",
"300255 - 常山药业 - CSYY",
"300256 - 星星科技 - XXKJ",
"300257 - 开山股份 - KSGF",
"300258 - 精锻科技 - JDKJ",
"300259 - 新天科技 - XTKJ",
"300260 - 新莱应材 - XLYC",
"300261 - 雅本化学 - YBHX",
"300262 - 巴安水务 - BASW",
"300263 - 隆华节能 - LHJN",
"300264 - 佳创视讯 - JCSX",
"300265 - 通光线缆 - TGXL",
"300266 - 兴源环境 - XYHJ",
"300267 - 尔康制药 - EKZY",
"300268 - 万福生科 - WFSK",
"300269 - 联建光电 - LJGD",
"300270 - 中威电子 - ZWDZ",
"300271 - 华宇软件 - HYRJ",
"300272 - 开能环保 - KNHB",
"300273 - 和佳股份 - HJGF",
"300274 - 阳光电源 - YGDY",
"300275 - 梅安森 - MAS",
"300276 - 三丰智能 - SFZN",
"300277 - 海联讯 - HLX",
"300278 - 华昌达 - HCD",
"300279 - 和晶科技 - HJKJ",
"300280 - 南通锻压 - NTDY",
"300281 - 金明精机 - JMJJ",
"300282 - 汇冠股份 - HGGF",
"300283 - 温州宏丰 - WZHF",
"300284 - 苏交科 - SJK",
"300285 - 国瓷材料 - GCCL",
"300286 - 安科瑞 - AKR",
"300287 - 飞利信 - FLX",
"300288 - 朗玛信息 - LMXX",
"300289 - 利德曼 - LDM",
"300290 - 荣科科技 - RKKJ",
"300291 - 华录百纳 - HLBN",
"300292 - 吴通通讯 - WTTX",
"300293 - 蓝英装备 - LYZB",
"300294 - 博雅生物 - BYSW",
"300295 - 三六五网 - SLWW",
"300296 - 利亚德 - LYD",
"300297 - 蓝盾股份 - LDGF",
"300298 - 三诺生物 - SNSW",
"300299 - 富春通信 - FCTX",
"300300 - 汉鼎股份 - HDGF",
"300301 - 长方照明 - CFZM",
"300302 - 同有科技 - TYKJ",
"300303 - 聚飞光电 - JFGD",
"300304 - 云意电气 - YYDQ",
"300305 - 裕兴股份 - YXGF",
"300306 - 远方光电 - YFGD",
"300307 - 慈星股份 - CXGF",
"300308 - 中际装备 - ZJZB",
"300309 - 吉艾科技 - JAKJ",
"300310 - 宜通世纪 - YTSJ",
"300311 - 任子行 - RZX",
"300312 - 邦讯技术 - BXJS",
"300313 - 天山生物 - TSSW",
"300314 - 戴维医疗 - DWYL",
"300315 - 掌趣科技 - ZQKJ",
"300316 - 晶盛机电 - JSJD",
"300317 - 珈伟股份 - JWGF",
"300318 - 博晖创新 - BHCX",
"300319 - 麦捷科技 - MJKJ",
"300320 - 海达股份 - HDGF",
"300321 - 同大股份 - TDGF",
"300322 - 硕贝德 - SBD",
"300323 - 华灿光电 - HCGD",
"300324 - 旋极信息 - XJXX",
"300325 - 德威新材 - DWXC",
"300326 - 凯利泰 - KLT",
"300327 - 中颖电子 - ZYDZ",
"300328 - 宜安科技 - YAKJ",
"300329 - 海伦钢琴 - HLGQ",
"300330 - 华虹计通 - HHJT",
"300331 - 苏大维格 - SDWG",
"300332 - 天壕节能 - THJN",
"300333 - 兆日科技 - ZRKJ",
"300334 - 津膜科技 - JMKJ",
"300335 - 迪森股份 - DSGF",
"300336 - 新文化 - XWH",
"300337 - 银邦股份 - YBGF",
"300338 - 开元仪器 - KYYQ",
"300339 - 润和软件 - RHRJ",
"300340 - 科恒股份 - KHGF",
"300341 - 麦迪电气 - MDDQ",
"300342 - 天银机电 - TYJD",
"300343 - 联创节能 - LCJN",
"300344 - 太空板业 - TKBY",
"300345 - 红宇新材 - HYXC",
"300346 - 南大光电 - NDGD",
"300347 - 泰格医药 - TGYY",
"300348 - 长亮科技 - CLKJ",
"300349 - 金卡股份 - JKGF",
"300350 - 华鹏飞 - HPF",
"300351 - 永贵电器 - YGDQ",
"300352 - 北信源 - BXY",
"300353 - 东土科技 - DTKJ",
"300354 - 东华测试 - DHCS",
"300355 - 蒙草抗旱 - MCKH",
"300356 - 光一科技 - GYKJ",
"300357 - 我武生物 - WWSW",
"300358 - 楚天科技 - CTKJ",
"300359 - 全通教育 - QTJY",
"300360 - 炬华科技 - JHKJ",
"300362 - 天保重装 - TBZZ",
"300363 - 博腾股份 - BTGF",
"300364 - 中文在线 - ZWZX",
"300365 - 恒华科技 - HHKJ",
"300366 - 创意信息 - CYXX",
"300367 - 东方网力 - DFWL",
"300368 - 汇金股份 - HJGF",
"300369 - 绿盟科技 - LMKJ",
"300370 - 安控科技 - AKKJ",
"300371 - 汇中股份 - HZGF",
"300372 - 欣泰电气 - XTDQ",
"300373 - 扬杰科技 - YJKJ",
"300374 - 恒通科技 - HTKJ",
"300375 - 鹏翎股份 - PLGF",
"300376 - 易事特 - YST",
"300377 - 赢时胜 - YSS",
"300378 - 鼎捷软件 - DJRJ",
"300379 - 东方通 - DFT",
"300380 - 安硕信息 - ASXX",
"300381 - 溢多利 - YDL",
"300382 - 斯莱克 - SLK",
"300383 - 光环新网 - GHXW",
"300384 - 三联虹普 - SLHP",
"300385 - 雪浪环境 - XLHJ",
"300386 - 飞天诚信 - FTCX",
"300387 - 富邦股份 - FBGF",
"300388 - 国祯环保 - GZHB",
"300389 - 艾比森 - ABS",
"300390 - 天华超净 - THCJ",
"300391 - 康跃科技 - KYKJ",
"300392 - 腾信股份 - TXGF",
"300393 - 中来股份 - ZLGF",
"300394 - 天孚通信 - TFTX",
"300395 - 菲利华 - FLH",
"300396 - 迪瑞医疗 - DRYL",
"300397 - 天和防务 - THFW",
"300398 - 飞凯材料 - FKCL",
"300399 - 京天利 - JTL",
"300400 - 劲拓股份 - JTGF",
"300401 - 花园生物 - HYSW",
"300402 - 宝色股份 - BSGF",
"300403 - 地尔汉宇 - DEHY",
"300405 - 科隆精化 - KLJH",
"300406 - 九强生物 - JQSW",
"300407 - 凯发电气 - KFDQ",
"300408 - 三环集团 - SHJT",
"300409 - 道氏技术 - DSJS",
"300410 - 正业科技 - ZYKJ",
"300411 - 金盾股份 - JDGF",
"300412 - 迦南科技 - JNKJ",
"300413 - 快乐购 - KLG",
"300415 - 伊之密 - YZM",
"300416 - 苏试试验 - SSSY",
"300417 - 南华仪器 - NHYQ",
"300418 - 昆仑万维 - KLWW",
"300419 - 浩丰科技 - HFKJ",
"300420 - 五洋科技 - WYKJ",
"300421 - 力星股份 - LXGF",
"300422 - 博世科 - BSK",
"300423 - 鲁亿通 - LYT",
"300425 - 环能科技 - HNKJ",
"300426 - 唐德影视 - TDYS",
"300427 - 红相电力 - HXDL",
"300428 - 四通新材 - STXC",
"300429 - 强力新材 - QLXC",
"300430 - 诚益通 - CYT",
"300431 - 暴风科技 - BFKJ",
"300432 - 富临精工 - FLJG",
"300433 - 蓝思科技 - LSKJ",
"300435 - 中泰股份 - ZTGF",
"369999 - 密码服务 - MMFW",
"002751 - 易尚展示 - YSZS",
"002752 - 昇兴股份 - SXGF",
"300404 - 博济医药 - BJYY",
"300424 - 航新科技 - HXKJ",
"300434 - 金石东方 - JSDF",
"300436 - 广生堂 - GST",
"300437 - 清水源 - QSY",
"300438 - 鹏辉能源 - PHNY",
"300439 - 美康生物 - MKSW",
"300440 - 运达科技 - YDKJ",
"300441 - 鲍斯股份 - BSGF",
"300442 - 普丽盛 - PLS",
"300443 - 金雷风电 - JLFD",
"300444 - 双杰电气 - SJDQ",
"300445 - 康斯特 - KST",
"300446 - 乐凯新材 - LKXC",
"300447 - 全信股份 - QXGF",
"300448 - 浩云科技 - HYKJ",
"300449 - 汉邦高科 - HBGK",
